id_custo,centro_custo,tipo_custo,descricao,valor,data_referencia,competencia
1,Produção,Variável,,3504.46,2024-11-20,2024-11
2,Produção,Variável,Combustível,27082.82,2023-12-29,2023-12
3,Produção,Variável,Mão de obra,11048.96,2024-01-24,2024-01
4,Coleta,Fixo,Aluguel,127771.74,2023-03-15,2023-03
5,Comercial,Fixo,Combustível,14806.03,2023-01-06,2023-01
6,Produção,variável,Mão de obra,118359.87,2023-01-02,2023-01
7,Coleta,fixo,Energia,24544.91,2024-03-05,2024-03
8,Logística,Variável,Aluguel,20329.21,2023-04-01,2023-04
9,Coleta,FIXO,Combustível,75436.48,2023-03-07,2023-03
10,Administrativo,Fixo,Energia,9130.75,2024-08-05,2024-08
11,Comercial,Variável,Aluguel,129928.98,2023-06-25,2023-06
12,Produção,Fixo,Combustível,10511.05,2024-07-19,2024-07
13,Comercial,Fixo,Mão de obra,3138.29,2023-07-23,2023-07
14,Logística,Variável,Combustível,57297.1,2024-10-25,2024-10
15,Coleta,Variável,,148306.4,2024-04-15,2024-04
16,Administrativo,Fixo,Mão de obra,116721.62,14/05/2023,2023-05
17,Administrativo,Fixo,Mão de obra,119518.62,2024-06-13,2024-06
18,Comercial,Variável,Manutenção,38509.81,2024-03-22,2024-03
19,Comercial,Variável,Aluguel,75169.95,2023-12-21,2023-12
20,Coleta,Variável,Aluguel,35236.62,2024-08-01,2024-08
21,Logística,Variável,Manutenção,38232.46,2024-10-15,2024-10
22,Logística,fixo,Aluguel,50882.64,25/05/2024,2024-05
23,Produção,Fixo,Manutenção,95899.88,2023-08-10,2023-08
24,Comercial,Fixo,Aluguel,16464.97,2024-07-22,2024-07
25,Produção,variável,Combustível,144886.07,2024-06-22,2024-06
26,Comercial,Variável,,128237.9,2023-11-29,2023-11
27,Logística,FIXO,Energia,61250.37,2024-08-22,2024-08
28,Logística,Fixo,Aluguel,34262.07,2023-06-02,2023-06
29,Administrativo,Fixo,Combustível,119232.49,2023-06-16,2023-06
30,Coleta,Fixo,Mão de obra,89122.29,2023-05-14,2023-05
31,Coleta,Variável,Energia,35919.11,2023-01-16,2023-01
32,Coleta,Fixo,Combustível,60935.41,2024-07-28,2024-07
33,Coleta,FIXO,Aluguel,6482.62,2024-10-18,2024-10
34,Produção,Fixo,Mão de obra,45753.47,2024-03-02,2024-03
35,Coleta,Variável,Combustível,127284.15,29/07/2023,2023-07
36,Produção,Fixo,Combustível,90107.85,2024-10-21,2024-10
37,Produção,Variável,Energia,81682.87,2024-12-02,2024-12
38,Produção,Variável,,121298.3,2023-10-26,2023-10
39,Logística,Fixo,Mão de obra,142069.22,2023-01-21,2023-01
40,Produção,Fixo,Energia,109505.81,2024-01-17,2024-01
41,Administrativo,Variável,Combustível,92050.0,2023-09-18,2023-09
42,Comercial,Variável,Mão de obra,21424.35,2023-03-31,2023-03
43,Administrativo,Fixo,Combustível,113823.48,2023-01-06,2023-01
44,Coleta,FIXO,Manutenção,77675.04,2023-07-15,2023-07
45,Administrativo,Fixo,Mão de obra,137659.51,2024-12-07,2024-12
46,Coleta,Fixo,Energia,138969.99,2023-11-03,2023-11
47,Administrativo,fixo,Manutenção,20837.23,2024-08-08,2024-08
48,Administrativo,Variável,Aluguel,149373.68,2024-03-28,2024-03
49,Coleta,Variável,Mão de obra,111738.49,2023-09-07,2023-09
50,Administrativo,Variável,Combustível,56934.62,2023-07-23,2023-07
51,Administrativo,Variável,Aluguel,8509.56,2023-07-18,2023-07
52,Administrativo,Variável,Mão de obra,51373.38,2023-11-02,2023-11
53,Logística,Fixo,Manutenção,39797.27,2024-07-27,2024-07
54,Logística,Fixo,Energia,4504.67,2023-06-01,2023-06
55,Comercial,FIXO,Combustível,111316.19,2024-12-12,2024-12
56,Produção,fixo,Mão de obra,64518.2,2023-08-29,2023-08
57,Produção,fixo,Manutenção,143490.74,2023-12-23,2023-12
58,Comercial,Variável,Energia,7691.27,2024-07-30,2024-07
59,Administrativo,fixo,Manutenção,42465.2,2024-05-23,2024-05
60,Administrativo,Fixo,Manutenção,141073.91,2023-10-29,2023-10
61,Comercial,Fixo,Aluguel,93590.62,19/11/2023,2023-11
62,Produção,variável,Aluguel,123303.61,2024-09-07,2024-09
63,Coleta,Variável,Mão de obra,141195.21,2023-12-01,2023-12
64,Coleta,Variável,Aluguel,62845.45,2024-07-01,2024-07
65,Logística,Variável,Combustível,77298.81,2023-05-16,2023-05
66,Produção,Variável,Combustível,99838.32,2023-12-22,2023-12
67,Comercial,Fixo,Energia,58336.43,2024-07-09,2024-07
68,Logística,Variável,Combustível,113316.79,2024-07-05,2024-07
69,Logística,Fixo,Manutenção,102799.22,2024-09-13,2024-09
70,Coleta,Fixo,Mão de obra,7418.09,2023-02-27,2023-02
71,Coleta,VARIÁVEL,Mão de obra,145341.82,2024-05-21,2024-05
72,Produção,Variável,Mão de obra,25077.69,2024-04-17,2024-04
73,Logística,Fixo,Combustível,118439.16,2023-08-18,2023-08
74,Produção,Fixo,Energia,49320.28,2024-08-18,2024-08
75,Produção,Fixo,Energia,115684.04,2024-04-03,2024-04
76,Produção,FIXO,Aluguel,74518.17,2024-04-22,2024-04
77,Produção,Fixo,Mão de obra,53844.35,2024-09-05,2024-09
78,Logística,Fixo,Aluguel,137542.95,2024-10-23,2024-10
79,Logística,Variável,Aluguel,42146.82,2024-03-19,2024-03
80,Produção,Variável,Energia,100417.21,2024-01-14,2024-01
81,Coleta,fixo,Aluguel,145714.18,2023-10-08,2023-10
82,Logística,Variável,Energia,102452.6,2023-05-28,2023-05
83,Coleta,Variável,,43328.44,2024-04-21,2024-04
84,Comercial,Variável,Mão de obra,70636.7,2024-04-01,2024-04
85,Produção,Variável,Energia,51709.78,2024-02-26,2024-02
86,Comercial,Variável,Mão de obra,127868.73,2024-03-05,2024-03
87,Produção,Variável,,3902.59,2024-01-25,2024-01
88,Comercial,VARIÁVEL,Aluguel,74416.43,2024-11-02,2024-11
89,Comercial,Variável,,109013.65,2023-04-12,2023-04
90,Produção,Variável,Combustível,78444.74,08/10/2024,2024-10
91,Coleta,Variável,Energia,77396.6,2023-06-18,2023-06
92,Logística,Variável,Mão de obra,5940.93,2024-09-14,2024-09
93,Produção,Variável,Aluguel,67052.52,2023-07-09,2023-07
94,Produção,Variável,Combustível,72657.93,2024-12-18,2024-12
95,Logística,Fixo,Aluguel,30236.83,2023-07-25,2023-07
96,Administrativo,Fixo,Aluguel,57910.52,2024-07-17,2024-07
97,Administrativo,Variável,Mão de obra,7554.37,2024-03-21,2024-03
98,Administrativo,Variável,Manutenção,35345.6,2024-02-26,2024-02
99,Produção,Fixo,Energia,137802.55,2024-09-20,2024-09
100,Administrativo,Variável,Manutenção,123979.55,2023-12-03,2023-12
101,Administrativo,Fixo,,76168.31,2024-01-13,2024-01
102,Administrativo,FIXO,Energia,70985.17,2023-10-05,2023-10
103,Coleta,fixo,Energia,26660.51,2024-03-14,2024-03
104,Administrativo,Variável,Aluguel,132762.75,2024-09-30,2024-09
105,Administrativo,Fixo,Combustível,83474.19,2024-12-12,2024-12
106,Logística,Fixo,Mão de obra,95963.0,2024-07-30,2024-07
107,Administrativo,Variável,Combustível,68672.9,2024-11-19,2024-11
108,Comercial,Fixo,Aluguel,6960.73,2023-07-16,2023-07
109,Coleta,Fixo,Mão de obra,105502.73,2023-04-03,2023-04
110,Coleta,VARIÁVEL,Mão de obra,133290.1,2023-04-12,2023-04
111,Coleta,Fixo,Manutenção,111067.85,2023-08-29,2023-08
112,Administrativo,Fixo,Manutenção,84742.03,10/04/2023,2023-04
113,Coleta,Fixo,Manutenção,18656.42,2023-03-12,2023-03
114,Administrativo,Variável,,62326.83,2024-03-01,2024-03
115,Produção,Variável,Aluguel,22400.84,03/09/2024,2024-09
116,Coleta,Variável,Aluguel,46149.22,2024-04-17,2024-04
117,Logística,fixo,Mão de obra,127779.48,2023-04-20,2023-04
118,Produção,Variável,Aluguel,74623.79,2023-01-02,2023-01
119,Administrativo,Fixo,Aluguel,33660.99,2024-01-18,2024-01
120,Logística,Variável,Mão de obra,43419.81,2024-08-08,2024-08
121,Logística,Fixo,Aluguel,13355.89,2024-05-05,2024-05
122,Logística,Variável,Aluguel,136692.59,2023-05-27,2023-05
123,Comercial,Fixo,Aluguel,15528.44,2024-01-13,2024-01
124,Produção,Fixo,,39314.17,2023-07-14,2023-07
125,Logística,variável,Combustível,68292.07,2024-08-01,2024-08
126,Coleta,fixo,Energia,4721.76,2023-01-10,2023-01
127,Logística,variável,Energia,101803.51,2024-01-26,2024-01
128,Logística,variável,Manutenção,126229.91,2024-03-29,2024-03
129,Produção,Variável,Mão de obra,81148.3,2023-06-26,2023-06
130,Administrativo,Variável,Energia,12287.91,2024-01-29,2024-01
131,Produção,Variável,Combustível,149063.43,28/03/2024,2024-03
132,Comercial,Fixo,Aluguel,63801.63,2024-03-27,2024-03
133,Comercial,Fixo,Manutenção,101647.68,2024-03-09,2024-03
134,Administrativo,variável,Mão de obra,95894.47,2023-08-14,2023-08
135,Coleta,Variável,Combustível,109700.04,2024-08-16,2024-08
136,Comercial,VARIÁVEL,Combustível,149352.01,2023-03-24,2023-03
137,Produção,Variável,Energia,46585.8,2024-10-24,2024-10
138,Logística,Variável,Combustível,1936.13,2023-01-14,2023-01
139,Coleta,Fixo,,94153.65,2023-12-01,2023-12
140,Comercial,Fixo,,124270.81,2023-05-27,2023-05
141,Produção,Variável,Aluguel,49972.3,2024-12-28,2024-12
142,Coleta,Fixo,Energia,118708.9,2024-01-13,2024-01
143,Logística,Fixo,Combustível,34951.49,2023-09-02,2023-09
144,Coleta,Variável,Aluguel,131398.51,2023-06-24,2023-06
145,Comercial,fixo,Energia,61725.95,2023-07-06,2023-07
146,Administrativo,Fixo,Combustível,61840.75,2024-03-29,2024-03
147,Produção,Fixo,Manutenção,66159.53,2024-05-01,2024-05
148,Comercial,Fixo,,3864.91,2023-07-08,2023-07
149,Administrativo,Fixo,Combustível,63181.29,2024-05-02,2024-05
150,Produção,Variável,Aluguel,79277.92,2024-07-15,2024-07
151,Coleta,FIXO,Mão de obra,97763.2,2023-02-27,2023-02
152,Comercial,Variável,Combustível,80893.92,2023-01-07,2023-01
153,Comercial,Fixo,Aluguel,38597.05,2023-03-06,2023-03
154,Coleta,Fixo,Energia,10331.34,2023-07-01,2023-07
155,Produção,Variável,Energia,34244.55,2024-10-13,2024-10
156,Produção,FIXO,Mão de obra,80607.29,2024-03-29,2024-03
157,Produção,Fixo,Combustível,91947.75,2024-12-10,2024-12
158,Logística,variável,Energia,149282.57,2023-09-07,2023-09
159,Comercial,Variável,Combustível,85983.07,2023-06-14,2023-06
160,Administrativo,Fixo,Combustível,32714.15,2023-09-03,2023-09
161,Coleta,fixo,Aluguel,74401.78,2023-07-21,2023-07
162,Logística,Fixo,Mão de obra,129169.35,2024-06-06,2024-06
163,Administrativo,Variável,Manutenção,15694.61,2023-04-28,2023-04
164,Produção,Variável,Mão de obra,21594.36,2024-05-23,2024-05
165,Produção,Variável,Mão de obra,39931.07,26/12/2024,2024-12
166,Administrativo,Fixo,Aluguel,32053.61,2024-06-30,2024-06
167,Logística,Fixo,Energia,113664.81,2024-08-29,2024-08
168,Coleta,Fixo,Energia,70533.14,2024-12-02,2024-12
169,Coleta,Fixo,Manutenção,130702.61,02/06/2023,2023-06
170,Logística,fixo,Manutenção,46800.57,2024-11-23,2024-11
171,Logística,Variável,,55348.73,2024-02-10,2024-02
172,Coleta,variável,Manutenção,70071.04,2024-07-18,2024-07
173,Coleta,Fixo,Mão de obra,76843.77,2024-11-23,2024-11
174,Produção,Variável,Energia,134129.85,2024-01-02,2024-01
175,Comercial,Fixo,Combustível,63473.05,2023-09-16,2023-09
176,Coleta,FIXO,Combustível,59684.45,2023-10-06,2023-10
177,Logística,Variável,Mão de obra,116180.31,2023-12-28,2023-12
178,Coleta,variável,Aluguel,63236.98,2024-06-10,2024-06
179,Administrativo,Fixo,Aluguel,17753.08,2023-05-08,2023-05
180,Coleta,Variável,Mão de obra,121870.76,2024-12-13,2024-12
181,Produção,Variável,Manutenção,77950.94,2023-10-11,2023-10
182,Comercial,Fixo,Aluguel,3902.02,2024-02-06,2024-02
183,Comercial,Variável,,144067.98,2023-09-08,2023-09
184,Coleta,Fixo,Aluguel,94226.98,2024-01-10,2024-01
185,Coleta,Fixo,Aluguel,143816.75,2023-04-07,2023-04
186,Produção,Variável,Energia,713.74,2023-02-08,2023-02
187,Comercial,Variável,Aluguel,71864.61,2024-05-08,2024-05
188,Administrativo,Variável,Energia,141320.44,2023-11-24,2023-11
189,Administrativo,Variável,Combustível,69679.18,2024-03-18,2024-03
190,Coleta,Variável,Manutenção,66473.84,2023-01-31,2023-01
191,Coleta,Variável,Mão de obra,35782.77,2024-09-18,2024-09
192,Produção,variável,Manutenção,10449.2,2023-01-12,2023-01
193,Produção,Fixo,Combustível,22753.32,2024-03-22,2024-03
194,Coleta,Fixo,Energia,58636.17,2024-02-23,2024-02
195,Comercial,Variável,,127616.2,2024-10-01,2024-10
196,Administrativo,variável,Aluguel,38245.27,2024-08-24,2024-08
197,Administrativo,VARIÁVEL,Manutenção,57901.97,2023-09-04,2023-09
198,Coleta,Variável,Combustível,107063.88,2023-04-14,2023-04
199,Produção,FIXO,Energia,93101.32,2024-03-05,2024-03
200,Comercial,Fixo,Mão de obra,5004.24,2023-10-20,2023-10
201,Logística,Fixo,Aluguel,40193.79,2024-06-19,2024-06
202,Administrativo,VARIÁVEL,Manutenção,67810.34,2024-06-03,2024-06
203,Logística,Fixo,Mão de obra,32698.2,2023-07-24,2023-07
204,Comercial,Variável,Mão de obra,123159.88,2023-03-09,2023-03
205,Produção,fixo,Manutenção,59480.48,2023-09-07,2023-09
206,Logística,Fixo,Aluguel,144952.06,2024-08-20,2024-08
207,Produção,Fixo,Energia,136779.23,2023-03-27,2023-03
208,Administrativo,Fixo,Mão de obra,12948.56,2024-01-20,2024-01
209,Produção,fixo,Combustível,83303.3,2023-04-24,2023-04
210,Coleta,Fixo,Aluguel,13621.34,2023-12-05,2023-12
211,Administrativo,Variável,Energia,119241.39,2023-04-21,2023-04
212,Coleta,Fixo,Manutenção,34366.01,2023-05-24,2023-05
213,Comercial,Variável,Combustível,106483.79,2024-12-17,2024-12
214,Comercial,Fixo,Manutenção,73026.26,2023-12-09,2023-12
215,Logística,Fixo,Aluguel,15064.04,05/03/2024,2024-03
216,Logística,fixo,Manutenção,81418.01,2024-01-02,2024-01
217,Comercial,Variável,,11324.4,2024-04-15,2024-04
218,Comercial,Variável,Aluguel,99127.17,2024-01-09,2024-01
219,Coleta,VARIÁVEL,Energia,34141.94,2023-02-16,2023-02
220,Coleta,Variável,Aluguel,99411.5,2024-05-27,2024-05
221,Comercial,Fixo,Combustível,106574.14,2023-03-12,2023-03
222,Produção,Variável,Mão de obra,102504.11,2023-03-22,2023-03
223,Logística,variável,,144191.22,2023-12-15,2023-12
224,Logística,Variável,Combustível,49569.06,2023-04-01,2023-04
225,Comercial,Variável,Mão de obra,25596.02,2024-02-17,2024-02
226,Coleta,Fixo,Manutenção,144695.02,2024-07-09,2024-07
227,Comercial,FIXO,Energia,116807.54,2023-11-20,2023-11
228,Administrativo,Fixo,Energia,63499.98,2023-01-11,2023-01
229,Coleta,VARIÁVEL,Manutenção,45220.61,2024-06-19,2024-06
230,Comercial,Variável,Mão de obra,12149.83,2024-11-19,2024-11
231,Administrativo,Fixo,Aluguel,33619.64,2023-03-27,2023-03
232,Comercial,fixo,,4831.1,2024-05-21,2024-05
233,Administrativo,Variável,Mão de obra,28634.54,2023-04-27,2023-04
234,Administrativo,Variável,Mão de obra,91529.05,2024-01-12,2024-01
235,Coleta,Fixo,Mão de obra,2282.93,25/02/2024,2024-02
236,Comercial,Variável,Combustível,105053.14,27/04/2023,2023-04
237,Administrativo,variável,Energia,113723.97,2023-12-05,2023-12
238,Produção,FIXO,Mão de obra,81917.68,2024-09-26,2024-09
239,Administrativo,Fixo,Energia,16105.77,2023-10-21,2023-10
240,Comercial,VARIÁVEL,Aluguel,51219.92,2024-07-14,2024-07
241,Coleta,Fixo,Energia,13072.19,2024-02-28,2024-02
242,Produção,Fixo,Combustível,25332.44,2023-03-01,2023-03
243,Coleta,Fixo,Combustível,136645.43,2023-07-11,2023-07
244,Administrativo,Variável,Energia,113017.9,2024-05-01,2024-05
245,Logística,Fixo,Aluguel,55998.36,2024-06-26,2024-06
246,Comercial,Fixo,Aluguel,80514.27,2024-10-27,2024-10
247,Administrativo,Fixo,Mão de obra,30038.08,2023-07-02,2023-07
248,Comercial,Fixo,Energia,69668.82,2024-11-08,2024-11
249,Coleta,Fixo,Aluguel,29301.99,2024-06-20,2024-06
250,Coleta,Fixo,Manutenção,48113.54,2024-06-20,2024-06
251,Coleta,Fixo,Mão de obra,148059.08,2024-08-09,2024-08
252,Comercial,Fixo,Mão de obra,131205.66,2023-10-17,2023-10
253,Coleta,Variável,Energia,108634.65,2023-11-08,2023-11
254,Coleta,Variável,Combustível,102632.54,2024-06-22,2024-06
255,Comercial,Variável,Energia,93217.63,2024-11-11,2024-11
256,Logística,Variável,Combustível,14864.07,2024-06-16,2024-06
257,Coleta,Fixo,Manutenção,81444.14,2023-04-06,2023-04
258,Comercial,Fixo,Mão de obra,39304.0,2024-11-25,2024-11
259,Comercial,Fixo,Combustível,16550.67,2024-10-11,2024-10
260,Produção,FIXO,Manutenção,107442.33,2024-09-09,2024-09
261,Logística,FIXO,Aluguel,129832.54,2023-06-14,2023-06
262,Produção,variável,Manutenção,61245.09,2023-10-07,2023-10
263,Comercial,VARIÁVEL,Combustível,43903.41,2023-12-15,2023-12
264,Administrativo,Fixo,Aluguel,4243.57,2024-08-19,2024-08
265,Logística,Variável,Mão de obra,39909.45,2024-07-25,2024-07
266,Logística,Fixo,Combustível,73618.81,2023-05-17,2023-05
267,Coleta,Fixo,Mão de obra,84988.2,2024-07-20,2024-07
268,Logística,Variável,Combustível,101878.65,2024-08-08,2024-08
269,Coleta,Variável,Energia,81998.51,2024-03-08,2024-03
270,Administrativo,Fixo,Combustível,38618.64,2023-08-26,2023-08
271,Coleta,Variável,Aluguel,22400.93,2023-06-17,2023-06
272,Administrativo,Variável,Mão de obra,90308.07,2023-01-19,2023-01
273,Logística,Fixo,Manutenção,57486.55,2024-11-26,2024-11
274,Administrativo,Fixo,Aluguel,109745.73,2023-02-28,2023-02
275,Administrativo,Fixo,Aluguel,8540.26,2024-08-06,2024-08
276,Administrativo,Fixo,Mão de obra,33157.11,2023-05-21,2023-05
277,Logística,Fixo,Combustível,28283.6,2024-12-22,2024-12
278,Comercial,Fixo,Energia,65939.57,2024-12-06,2024-12
279,Coleta,Variável,Combustível,142523.46,2024-04-18,2024-04
280,Coleta,Variável,Combustível,23934.31,2024-07-27,2024-07
281,Comercial,Fixo,Mão de obra,90473.18,2023-04-28,2023-04
282,Comercial,Variável,Combustível,33265.3,2023-11-20,2023-11
283,Comercial,Variável,Mão de obra,40252.89,2024-10-15,2024-10
284,Coleta,Variável,Mão de obra,137670.85,2023-04-17,2023-04
285,Produção,Fixo,Manutenção,26602.2,2023-03-28,2023-03
286,Comercial,Fixo,Manutenção,27185.83,2023-02-10,2023-02
287,Comercial,Fixo,Combustível,117508.66,2023-03-24,2023-03
288,Comercial,Variável,Mão de obra,26611.27,2023-01-10,2023-01
289,Comercial,Variável,Combustível,18549.42,2024-01-05,2024-01
290,Coleta,Fixo,Combustível,94603.91,2024-12-02,2024-12
291,Coleta,Variável,Aluguel,79579.01,14/02/2023,2023-02
292,Logística,Variável,Aluguel,12576.92,2024-01-17,2024-01
293,Produção,variável,Mão de obra,17715.65,2023-01-30,2023-01
294,Produção,Fixo,Manutenção,47561.78,2023-02-05,2023-02
295,Logística,Variável,Aluguel,114205.37,2024-01-30,2024-01
296,Coleta,FIXO,Mão de obra,131845.77,2024-11-07,2024-11
297,Logística,Variável,Mão de obra,104521.01,2024-02-12,2024-02
298,Produção,Variável,Aluguel,146406.57,2023-07-30,2023-07
299,Coleta,Fixo,Energia,97448.19,2024-06-26,2024-06
300,Logística,Variável,Energia,142575.74,2023-05-08,2023-05
301,Produção,Fixo,Manutenção,100828.37,2024-05-01,2024-05
302,Produção,Variável,Manutenção,118848.87,2023-12-06,2023-12
303,Comercial,Fixo,Combustível,1404.68,2024-03-09,2024-03
304,Produção,variável,Energia,63734.43,2024-08-18,2024-08
305,Coleta,Fixo,Combustível,92726.61,2023-04-24,2023-04
306,Logística,Fixo,Aluguel,105178.38,2024-03-05,2024-03
307,Produção,VARIÁVEL,Combustível,66908.67,2024-12-18,2024-12
308,Produção,Variável,,87950.38,2024-03-17,2024-03
309,Administrativo,Fixo,Combustível,43356.86,2024-03-14,2024-03
310,Produção,Fixo,Energia,81242.07,2023-06-04,2023-06
311,Comercial,Fixo,Manutenção,1241.58,2023-06-29,2023-06
312,Administrativo,Variável,Combustível,33723.74,2024-09-08,2024-09
313,Coleta,Fixo,Combustível,4481.39,2023-12-15,2023-12
314,Comercial,VARIÁVEL,Mão de obra,145774.55,2024-10-24,2024-10
315,Produção,Variável,,130134.38,2024-04-13,2024-04
316,Comercial,variável,Manutenção,8411.97,2023-08-21,2023-08
317,Administrativo,Variável,Aluguel,72614.25,2024-08-27,2024-08
318,Coleta,fixo,Energia,102814.37,2023-06-11,2023-06
319,Comercial,Fixo,Mão de obra,109699.97,2023-12-11,2023-12
320,Logística,Variável,Combustível,51634.32,2023-08-22,2023-08
321,Logística,Variável,Energia,93942.49,2023-05-27,2023-05
322,Administrativo,Variável,Energia,68703.6,2023-08-24,2023-08
323,Produção,fixo,Manutenção,49298.0,2024-01-23,2024-01
324,Coleta,Variável,,5506.5,2024-06-17,2024-06
325,Logística,Variável,Manutenção,28796.88,25/09/2023,2023-09
326,Produção,Variável,Combustível,24817.63,2023-02-07,2023-02
327,Comercial,Variável,Aluguel,96393.74,2024-07-05,2024-07
328,Comercial,Variável,Combustível,36329.5,2023-10-17,2023-10
329,Administrativo,Fixo,Energia,11034.02,2023-06-10,2023-06
330,Administrativo,Variável,Mão de obra,91642.28,2023-11-13,2023-11
331,Comercial,VARIÁVEL,Manutenção,15552.15,2023-12-18,2023-12
332,Administrativo,Fixo,,23907.33,2024-10-31,2024-10
333,Administrativo,Variável,Mão de obra,142001.73,2024-09-13,2024-09
334,Administrativo,FIXO,Manutenção,27754.22,2023-12-16,2023-12
335,Logística,Fixo,Aluguel,15982.08,2024-08-02,2024-08
336,Administrativo,Variável,Mão de obra,86668.03,2024-07-31,2024-07
337,Logística,Variável,Manutenção,30445.13,2023-10-22,2023-10
338,Administrativo,VARIÁVEL,Manutenção,138055.17,2023-06-05,2023-06
339,Comercial,Fixo,Energia,10802.43,2023-04-24,2023-04
340,Coleta,Variável,Aluguel,81004.81,2024-08-26,2024-08
341,Logística,Variável,Combustível,119845.46,2023-06-02,2023-06
342,Produção,Fixo,Combustível,48187.34,2024-11-13,2024-11
343,Coleta,Fixo,Energia,103138.62,2023-08-03,2023-08
344,Logística,Fixo,,144518.21,2023-08-27,2023-08
345,Coleta,Variável,Aluguel,10054.81,2024-03-02,2024-03
346,Administrativo,Fixo,Combustível,140725.33,2023-12-11,2023-12
347,Produção,Fixo,Energia,9588.08,2023-02-21,2023-02
348,Produção,Variável,Aluguel,117086.23,2024-04-23,2024-04
349,Administrativo,Fixo,Aluguel,14544.67,2023-07-17,2023-07
350,Logística,fixo,Aluguel,49310.08,2024-08-31,2024-08
351,Logística,Variável,Manutenção,97621.52,17/04/2023,2023-04
352,Produção,Fixo,Aluguel,23117.06,2023-04-26,2023-04
353,Logística,Fixo,Aluguel,126961.23,2024-04-12,2024-04
354,Coleta,Fixo,Mão de obra,124646.27,2023-01-03,2023-01
355,Coleta,fixo,Energia,55557.84,2024-11-05,2024-11
356,Logística,Fixo,Manutenção,122507.5,2023-07-10,2023-07
357,Comercial,Fixo,Mão de obra,129351.87,2023-01-23,2023-01
358,Administrativo,Variável,Mão de obra,110645.68,2024-05-30,2024-05
359,Produção,Variável,Manutenção,94309.81,2023-05-24,2023-05
360,Logística,Fixo,Mão de obra,10754.15,2023-04-28,2023-04
361,Logística,Fixo,Manutenção,103113.61,2024-09-30,2024-09
362,Comercial,Variável,Aluguel,3810.91,2024-05-31,2024-05
363,Administrativo,Variável,Aluguel,11613.23,2023-03-22,2023-03
364,Comercial,Variável,Aluguel,10357.34,2023-04-15,2023-04
365,Administrativo,Fixo,Manutenção,74136.9,2024-11-11,2024-11
366,Administrativo,Variável,Mão de obra,127299.98,2023-09-14,2023-09
367,Coleta,Fixo,Manutenção,146435.62,2024-08-16,2024-08
368,Coleta,Variável,Aluguel,32767.96,2024-03-17,2024-03
369,Logística,Variável,Manutenção,118503.12,2024-01-12,2024-01
370,Logística,Fixo,Aluguel,107123.08,2024-04-21,2024-04
371,Coleta,Fixo,Aluguel,112040.22,2023-08-04,2023-08
372,Administrativo,Variável,Manutenção,95438.2,2023-02-23,2023-02
373,Coleta,Variável,Mão de obra,74825.28,2023-12-01,2023-12
374,Logística,VARIÁVEL,Manutenção,37147.09,2024-12-20,2024-12
375,Administrativo,Variável,Mão de obra,131272.38,2023-06-08,2023-06
376,Coleta,Variável,Aluguel,143109.55,2024-11-27,2024-11
377,Logística,Variável,Mão de obra,72354.0,2024-07-08,2024-07
378,Comercial,Variável,Combustível,2481.12,2023-06-05,2023-06
379,Coleta,Fixo,Combustível,18913.86,2024-03-23,2024-03
380,Comercial,VARIÁVEL,Manutenção,73728.59,2023-12-02,2023-12
381,Coleta,Fixo,Combustível,82188.24,2023-05-17,2023-05
382,Logística,variável,Energia,144043.88,2023-01-02,2023-01
383,Comercial,variável,Energia,19756.09,2024-05-25,2024-05
384,Administrativo,Variável,Manutenção,28842.76,2023-02-07,2023-02
385,Administrativo,Variável,Combustível,102096.15,2024-01-21,2024-01
386,Comercial,VARIÁVEL,,48149.35,2024-02-06,2024-02
387,Comercial,fixo,Energia,51575.39,2023-05-22,2023-05
388,Produção,fixo,Manutenção,33588.58,2023-01-07,2023-01
389,Produção,Variável,Aluguel,130529.29,2024-01-09,2024-01
390,Coleta,Fixo,Combustível,70284.65,2024-02-15,2024-02
391,Produção,Variável,Mão de obra,20555.62,2023-02-01,2023-02
392,Administrativo,Variável,Mão de obra,103248.69,2024-02-02,2024-02
393,Produção,Variável,Manutenção,3295.57,2023-09-03,2023-09
394,Coleta,variável,Manutenção,81312.2,2024-05-05,2024-05
395,Administrativo,Variável,Energia,39969.34,2024-06-02,2024-06
396,Coleta,Fixo,Aluguel,61910.76,2023-07-04,2023-07
397,Administrativo,Variável,Aluguel,78276.11,2024-05-09,2024-05
398,Administrativo,Variável,Energia,9250.08,2024-02-03,2024-02
399,Administrativo,Variável,Energia,32812.52,2024-08-24,2024-08
400,Produção,VARIÁVEL,Combustível,19548.84,2024-10-22,2024-10
401,Logística,Variável,Manutenção,80813.62,2024-02-01,2024-02
402,Comercial,Fixo,Mão de obra,121781.76,2024-03-21,2024-03
403,Logística,Variável,Mão de obra,23746.24,2024-03-01,2024-03
404,Administrativo,Fixo,Manutenção,16646.34,2024-03-15,2024-03
405,Administrativo,Fixo,Energia,144150.42,2023-07-07,2023-07
406,Coleta,Variável,Aluguel,64753.84,2024-11-01,2024-11
407,Comercial,Variável,Mão de obra,55244.44,2024-04-17,2024-04
408,Coleta,Variável,Combustível,141375.17,2024-07-04,2024-07
409,Administrativo,Variável,Aluguel,129980.95,2023-11-25,2023-11
410,Comercial,Fixo,Energia,20235.79,2024-10-13,2024-10
411,Coleta,Fixo,,82900.1,2024-03-03,2024-03
412,Logística,VARIÁVEL,Manutenção,128226.81,2023-06-28,2023-06
413,Coleta,fixo,Mão de obra,125018.9,2024-09-10,2024-09
414,Comercial,VARIÁVEL,,28024.39,2023-04-05,2023-04
415,Produção,Variável,Aluguel,87669.81,2023-02-04,2023-02
416,Comercial,Variável,Manutenção,64801.62,2023-03-06,2023-03
417,Produção,Variável,Combustível,108184.79,2024-03-23,2024-03
418,Produção,Fixo,Manutenção,27962.71,07/08/2024,2024-08
419,Produção,Variável,Combustível,15819.88,2024-05-13,2024-05
420,Coleta,Fixo,Manutenção,134240.87,2023-09-12,2023-09
421,Coleta,Fixo,Combustível,81468.23,2023-09-12,2023-09
422,Coleta,Fixo,Energia,31156.58,29/10/2023,2023-10
423,Comercial,Fixo,Energia,132927.1,2024-12-27,2024-12
424,Logística,Fixo,Combustível,118129.23,2023-08-18,2023-08
425,Administrativo,Fixo,Combustível,67610.98,2023-04-29,2023-04
426,Logística,Fixo,Mão de obra,148469.17,2023-08-12,2023-08
427,Coleta,fixo,Combustível,20769.94,2023-05-14,2023-05
428,Logística,VARIÁVEL,Combustível,46146.44,2023-07-21,2023-07
429,Administrativo,Fixo,Combustível,31666.02,2023-02-21,2023-02
430,Logística,Fixo,Aluguel,103671.61,2024-08-19,2024-08
431,Logística,Variável,Energia,58345.31,2024-09-13,2024-09
432,Administrativo,Variável,Combustível,67730.27,2024-12-26,2024-12
433,Logística,Variável,Manutenção,64035.91,2024-04-19,2024-04
434,Administrativo,Fixo,Manutenção,148787.66,2024-05-06,2024-05
435,Comercial,Variável,Mão de obra,46427.78,2023-10-12,2023-10
436,Comercial,fixo,Energia,104359.35,2024-05-10,2024-05
437,Logística,Variável,Combustível,86117.55,2023-08-24,2023-08
438,Administrativo,variável,Manutenção,109906.92,2023-03-29,2023-03
439,Logística,fixo,Manutenção,77615.62,2024-06-06,2024-06
440,Administrativo,Variável,Manutenção,26695.23,2023-05-30,2023-05
441,Coleta,Fixo,Manutenção,132477.88,06/04/2024,2024-04
442,Administrativo,fixo,Aluguel,8461.32,2023-10-27,2023-10
443,Produção,Variável,Combustível,15866.62,06/09/2023,2023-09
444,Coleta,Variável,Mão de obra,109218.95,2024-04-03,2024-04
445,Coleta,Fixo,Mão de obra,57312.38,2024-02-25,2024-02
446,Logística,Variável,Aluguel,12288.68,2023-03-04,2023-03
447,Comercial,Variável,Aluguel,35672.02,2024-09-08,2024-09
448,Comercial,Variável,Mão de obra,97813.03,2023-02-05,2023-02
449,Administrativo,VARIÁVEL,Mão de obra,14503.77,2023-11-18,2023-11
450,Coleta,Fixo,Energia,8487.07,2024-12-15,2024-12
451,Logística,Fixo,Energia,134415.75,2024-01-26,2024-01
452,Logística,Variável,Combustível,24225.75,2024-01-05,2024-01
453,Coleta,Fixo,Combustível,22348.01,2023-03-19,2023-03
454,Coleta,Variável,Combustível,37118.69,2024-09-24,2024-09
455,Produção,Fixo,Aluguel,115263.91,2023-11-23,2023-11
456,Comercial,fixo,Combustível,110312.83,2023-03-12,2023-03
457,Comercial,Variável,Aluguel,4435.83,2024-01-11,2024-01
458,Coleta,Fixo,Mão de obra,76121.12,2024-04-11,2024-04
459,Administrativo,Variável,Aluguel,138065.03,2023-02-14,2023-02
460,Produção,fixo,Combustível,9577.98,2023-12-16,2023-12
461,Coleta,Fixo,Energia,10086.61,2023-08-03,2023-08
462,Produção,Variável,Combustível,64058.56,2024-08-21,2024-08
463,Produção,Variável,Aluguel,86297.85,2023-02-23,2023-02
464,Coleta,Variável,Manutenção,109120.12,2023-01-11,2023-01
465,Logística,Fixo,Aluguel,86093.8,2024-03-25,2024-03
466,Administrativo,Variável,Manutenção,60376.4,2023-04-23,2023-04
467,Logística,Fixo,Combustível,20172.19,2023-09-15,2023-09
468,Coleta,Variável,Mão de obra,84408.38,2024-09-11,2024-09
469,Administrativo,FIXO,Aluguel,95145.8,2024-06-08,2024-06
470,Produção,Variável,Combustível,97754.11,2024-12-12,2024-12
471,Comercial,Fixo,Aluguel,121223.46,2024-09-01,2024-09
472,Administrativo,fixo,Manutenção,82163.62,2024-07-04,2024-07
473,Administrativo,VARIÁVEL,Energia,131218.18,2023-05-05,2023-05
474,Comercial,Variável,Manutenção,34886.22,2023-12-10,2023-12
475,Coleta,FIXO,Aluguel,100112.83,2023-05-02,2023-05
476,Logística,Fixo,Manutenção,13183.86,2023-05-10,2023-05
477,Logística,Variável,Mão de obra,106727.24,2023-09-23,2023-09
478,Logística,Variável,Energia,84979.09,2024-08-03,2024-08
479,Comercial,Variável,Aluguel,136752.5,2023-05-21,2023-05
480,Produção,Fixo,Combustível,102529.6,2023-04-02,2023-04
481,Administrativo,variável,Mão de obra,63757.13,2024-03-01,2024-03
482,Logística,Fixo,Combustível,118060.09,2023-10-21,2023-10
483,Comercial,Variável,Manutenção,140785.9,2024-09-13,2024-09
484,Administrativo,FIXO,Combustível,120958.99,2024-11-30,2024-11
485,Logística,Fixo,Manutenção,73653.22,2024-10-01,2024-10
486,Coleta,Variável,Aluguel,49094.62,2024-07-24,2024-07
487,Comercial,Variável,Mão de obra,55405.14,2024-03-31,2024-03
488,Logística,Fixo,Aluguel,24242.77,2023-05-21,2023-05
489,Comercial,Variável,Combustível,48552.21,2024-05-17,2024-05
490,Administrativo,Variável,Energia,23017.95,2024-06-14,2024-06
491,Comercial,FIXO,,46685.37,2024-11-18,2024-11
492,Logística,Variável,Combustível,102624.5,28/02/2023,2023-02
493,Produção,Variável,Manutenção,148016.96,2024-07-20,2024-07
494,Logística,variável,Aluguel,121166.6,2023-11-18,2023-11
495,Coleta,Variável,Mão de obra,109193.17,2024-09-03,2024-09
496,Administrativo,Fixo,Energia,127995.37,2024-02-14,2024-02
497,Logística,Variável,Aluguel,134532.08,2024-07-05,2024-07
498,Comercial,FIXO,Energia,88059.94,2024-01-10,2024-01
499,Coleta,Variável,Aluguel,148871.36,2024-08-01,2024-08
500,Produção,Variável,Combustível,96329.79,2023-07-08,2023-07
501,Logística,variável,Manutenção,120761.94,2023-05-18,2023-05
502,Produção,Fixo,Energia,96806.88,2023-12-20,2023-12
503,Coleta,Fixo,Mão de obra,73092.54,2023-09-01,2023-09
504,Comercial,VARIÁVEL,Mão de obra,27057.88,2024-09-11,2024-09
505,Administrativo,Variável,Energia,100576.35,2023-09-09,2023-09
506,Produção,Fixo,Energia,67242.08,2024-10-29,2024-10
507,Logística,Variável,Mão de obra,15288.68,2024-03-20,2024-03
508,Coleta,VARIÁVEL,Aluguel,88434.77,2024-07-02,2024-07
509,Comercial,Variável,Aluguel,43708.64,01/02/2024,2024-02
510,Administrativo,FIXO,Mão de obra,106269.43,2023-10-13,2023-10
511,Produção,Fixo,Mão de obra,145476.37,2023-05-02,2023-05
512,Coleta,Variável,Manutenção,60076.24,2024-09-20,2024-09
513,Administrativo,Fixo,Mão de obra,111571.91,2023-07-11,2023-07
514,Coleta,Variável,Aluguel,55672.09,2024-04-24,2024-04
515,Coleta,fixo,Mão de obra,8212.9,2023-02-24,2023-02
516,Comercial,Variável,Combustível,71145.13,2023-06-23,2023-06
517,Produção,Variável,Aluguel,11149.3,2023-12-19,2023-12
518,Comercial,Variável,Aluguel,37385.15,2023-09-21,2023-09
519,Administrativo,Variável,Manutenção,87182.06,2024-12-25,2024-12
520,Administrativo,VARIÁVEL,Aluguel,112392.73,2024-03-24,2024-03
521,Logística,VARIÁVEL,Energia,112204.34,2024-01-12,2024-01
522,Logística,fixo,Aluguel,86212.42,2023-03-27,2023-03
523,Coleta,Variável,Aluguel,40547.88,2024-12-29,2024-12
524,Coleta,Variável,Energia,96347.84,24/07/2023,2023-07
525,Produção,VARIÁVEL,Combustível,147495.93,2024-11-18,2024-11
526,Comercial,Variável,Mão de obra,140698.51,2024-12-18,2024-12
527,Coleta,Fixo,Combustível,33781.94,2023-07-10,2023-07
528,Comercial,Variável,Combustível,137581.04,2023-08-18,2023-08
529,Produção,Fixo,Energia,131283.25,2024-07-15,2024-07
530,Logística,Fixo,Energia,51157.38,2024-11-28,2024-11
531,Coleta,Fixo,Manutenção,145512.67,2024-04-20,2024-04
532,Coleta,Fixo,Energia,128689.81,2023-01-17,2023-01
533,Logística,Fixo,Mão de obra,17786.45,2024-09-19,2024-09
534,Administrativo,Variável,Combustível,139509.9,2023-02-13,2023-02
535,Administrativo,Variável,Combustível,66233.71,2023-07-28,2023-07
536,Logística,Fixo,Manutenção,79547.56,2023-07-03,2023-07
537,Produção,Fixo,Combustível,128831.44,2024-12-25,2024-12
538,Administrativo,FIXO,,32073.27,2024-05-10,2024-05
539,Produção,Variável,Mão de obra,77366.56,2023-04-11,2023-04
540,Logística,Fixo,Aluguel,3405.11,2023-01-17,2023-01
541,Comercial,Variável,Aluguel,117145.67,2023-12-17,2023-12
542,Logística,Variável,,48579.46,2023-02-23,2023-02
543,Produção,Variável,Mão de obra,102683.87,2023-01-26,2023-01
544,Logística,Variável,,89219.22,2024-02-25,2024-02
545,Administrativo,VARIÁVEL,Energia,145093.59,2024-03-07,2024-03
546,Comercial,Variável,Mão de obra,149560.28,2024-10-29,2024-10
547,Coleta,Variável,Mão de obra,73830.56,2023-06-06,2023-06
548,Logística,Fixo,Mão de obra,70764.83,2023-08-14,2023-08
549,Administrativo,variável,Energia,27794.93,2024-07-04,2024-07
550,Logística,Fixo,Aluguel,110604.88,2023-11-17,2023-11
551,Logística,Variável,Mão de obra,25800.16,2023-03-08,2023-03
552,Logística,Fixo,Manutenção,77959.11,2024-09-12,2024-09
553,Administrativo,Variável,Mão de obra,67231.17,2024-06-06,2024-06
554,Logística,Fixo,Mão de obra,46620.78,2023-07-23,2023-07
555,Coleta,fixo,Energia,115332.27,2024-07-31,2024-07
556,Administrativo,variável,Energia,123844.29,2024-02-29,2024-02
557,Produção,Fixo,Aluguel,99133.37,2023-06-25,2023-06
558,Administrativo,Fixo,Combustível,82138.96,2024-11-27,2024-11
559,Coleta,Fixo,Mão de obra,7979.81,2023-05-05,2023-05
560,Produção,FIXO,Combustível,25242.37,2024-03-23,2024-03
561,Logística,variável,Mão de obra,121593.98,2024-09-29,2024-09
562,Coleta,Fixo,Mão de obra,89889.46,2023-04-08,2023-04
563,Logística,Variável,Mão de obra,109638.78,2023-01-01,2023-01
564,Administrativo,FIXO,Combustível,131889.84,19/07/2024,2024-07
565,Logística,Fixo,Energia,28551.95,2023-08-17,2023-08
566,Logística,Fixo,Mão de obra,43450.64,2024-07-04,2024-07
567,Coleta,Fixo,Aluguel,30115.9,2023-05-03,2023-05
568,Coleta,Variável,Aluguel,110679.76,2024-01-17,2024-01
569,Administrativo,Variável,Mão de obra,21339.49,08/04/2023,2023-04
570,Logística,Fixo,Manutenção,106678.98,2024-12-12,2024-12
571,Logística,Fixo,Combustível,29804.85,2024-04-11,2024-04
572,Comercial,Variável,Aluguel,146181.81,2023-06-08,2023-06
573,Coleta,Variável,Energia,130032.86,2024-01-20,2024-01
574,Coleta,Fixo,Manutenção,93950.17,2024-06-15,2024-06
575,Logística,variável,Manutenção,71185.84,2024-09-08,2024-09
576,Administrativo,fixo,Manutenção,11667.9,2023-01-16,2023-01
577,Comercial,Variável,Mão de obra,15842.61,2023-02-11,2023-02
578,Produção,Variável,Combustível,2555.15,2024-04-20,2024-04
579,Produção,Fixo,Aluguel,48862.85,2023-02-18,2023-02
580,Administrativo,Fixo,Mão de obra,61273.58,2023-11-02,2023-11
581,Produção,Fixo,Mão de obra,59854.96,2024-02-21,2024-02
582,Coleta,Variável,Combustível,52032.76,2024-05-11,2024-05
583,Administrativo,Fixo,Manutenção,135073.03,2024-12-23,2024-12
584,Logística,Fixo,Combustível,100353.2,2023-04-26,2023-04
585,Administrativo,fixo,Energia,99358.45,2023-03-25,2023-03
586,Comercial,Fixo,Aluguel,139196.67,2024-01-16,2024-01
587,Logística,Fixo,Combustível,13540.15,2023-07-15,2023-07
588,Administrativo,Variável,Combustível,9811.64,2024-05-27,2024-05
589,Logística,Variável,Aluguel,45121.7,2023-04-04,2023-04
590,Logística,Fixo,Aluguel,14694.35,2023-12-23,2023-12
591,Logística,fixo,Mão de obra,123886.69,2023-09-23,2023-09
592,Produção,FIXO,,141111.67,2024-02-17,2024-02
593,Logística,Fixo,Manutenção,58726.18,2024-11-22,2024-11
594,Coleta,Fixo,Combustível,116727.42,2023-03-16,2023-03
595,Logística,Fixo,Manutenção,80251.38,2023-03-19,2023-03
596,Administrativo,Variável,Combustível,34993.25,2023-08-22,2023-08
597,Coleta,FIXO,Energia,88301.35,2024-12-09,2024-12
598,Administrativo,Fixo,Mão de obra,3009.39,2023-12-13,2023-12
599,Produção,Fixo,Combustível,1968.34,2023-12-18,2023-12
600,Coleta,Fixo,Energia,56007.58,2024-01-20,2024-01
601,Produção,VARIÁVEL,Combustível,77404.08,2024-01-13,2024-01
602,Coleta,Variável,Aluguel,55777.18,2024-04-13,2024-04
603,Logística,Variável,Aluguel,135377.38,2023-12-17,2023-12
604,Comercial,Fixo,Manutenção,47634.18,2023-04-19,2023-04
605,Comercial,Variável,Combustível,141221.0,2023-05-20,2023-05
606,Logística,Fixo,Manutenção,145930.56,2024-12-29,2024-12
607,Comercial,variável,Manutenção,42027.44,2024-10-01,2024-10
608,Administrativo,Variável,Combustível,127648.9,2024-07-01,2024-07
609,Logística,Fixo,Mão de obra,60544.2,2023-09-28,2023-09
610,Logística,Variável,Combustível,120846.27,2023-04-04,2023-04
611,Administrativo,Fixo,Energia,124980.9,2024-04-01,2024-04
612,Comercial,Variável,Mão de obra,23763.92,2023-07-22,2023-07
613,Coleta,Fixo,Aluguel,43544.83,01/04/2024,2024-04
614,Comercial,Fixo,Manutenção,124891.01,2023-07-19,2023-07
615,Comercial,Fixo,Aluguel,128667.01,2023-06-07,2023-06
616,Produção,Variável,Energia,100084.21,2023-06-22,2023-06
617,Comercial,Fixo,Combustível,16686.15,2023-08-01,2023-08
618,Comercial,Variável,Aluguel,82677.1,2023-09-07,2023-09
619,Coleta,Fixo,Mão de obra,96340.17,2023-03-09,2023-03
620,Produção,Fixo,Manutenção,72191.34,2023-06-04,2023-06
621,Administrativo,Variável,Combustível,61421.97,2023-06-07,2023-06
622,Administrativo,Fixo,Manutenção,71947.51,2024-08-05,2024-08
623,Coleta,fixo,Aluguel,70723.03,2024-11-16,2024-11
624,Logística,Variável,Aluguel,45753.01,2024-03-12,2024-03
625,Coleta,Variável,Mão de obra,26505.28,2024-09-03,2024-09
626,Produção,Fixo,Manutenção,133522.65,2024-07-03,2024-07
627,Administrativo,Fixo,Manutenção,23260.96,2023-02-25,2023-02
628,Coleta,Fixo,Aluguel,53736.76,2024-12-24,2024-12
629,Comercial,Fixo,Manutenção,130369.21,2023-03-25,2023-03
630,Produção,Variável,Combustível,26222.48,2024-06-09,2024-06
631,Administrativo,Fixo,Energia,108614.28,2023-05-02,2023-05
632,Produção,Fixo,Mão de obra,124984.52,2023-09-05,2023-09
633,Produção,Fixo,Energia,57035.97,2023-07-05,2023-07
634,Administrativo,Fixo,Mão de obra,121381.7,2024-06-13,2024-06
635,Comercial,Fixo,Energia,9212.29,2024-03-03,2024-03
636,Coleta,FIXO,Mão de obra,147705.45,2024-01-15,2024-01
637,Produção,Variável,,149328.11,2023-04-10,2023-04
638,Logística,variável,Combustível,82808.69,2023-06-01,2023-06
639,Produção,Variável,,95657.34,2023-03-09,2023-03
640,Administrativo,Fixo,Combustível,132715.61,2024-03-09,2024-03
641,Coleta,VARIÁVEL,Aluguel,73792.47,2023-10-27,2023-10
642,Coleta,Fixo,Aluguel,83893.28,2023-07-15,2023-07
643,Coleta,Variável,Mão de obra,132453.52,2024-06-06,2024-06
644,Produção,FIXO,Combustível,73816.61,2023-10-21,2023-10
645,Produção,Fixo,Combustível,146037.33,2024-12-06,2024-12
646,Administrativo,Variável,Mão de obra,62289.94,2024-11-14,2024-11
647,Coleta,variável,,85716.69,2023-12-02,2023-12
648,Administrativo,Fixo,Energia,143744.96,2023-06-17,2023-06
649,Logística,Fixo,Mão de obra,129480.65,2024-05-12,2024-05
650,Administrativo,Variável,Combustível,48715.6,2024-12-11,2024-12
651,Comercial,variável,Aluguel,75295.84,2023-03-02,2023-03
652,Administrativo,Variável,,50719.53,2023-01-26,2023-01
653,Coleta,FIXO,Mão de obra,135809.67,2023-05-10,2023-05
654,Administrativo,Variável,Aluguel,16371.76,2024-09-27,2024-09
655,Logística,Fixo,Aluguel,20034.73,2023-12-28,2023-12
656,Produção,FIXO,Aluguel,132116.88,2024-12-15,2024-12
657,Administrativo,fixo,Energia,7048.62,2023-09-28,2023-09
658,Logística,Variável,Manutenção,114906.58,2024-08-27,2024-08
659,Produção,Variável,Manutenção,56273.69,2024-06-06,2024-06
660,Comercial,Variável,Aluguel,95410.56,08/02/2023,2023-02
661,Produção,Fixo,Aluguel,57174.46,2023-12-05,2023-12
662,Produção,Fixo,,106453.64,2024-07-15,2024-07
663,Coleta,Fixo,Energia,70495.29,2023-05-20,2023-05
664,Produção,Fixo,Mão de obra,31726.91,2023-07-17,2023-07
665,Coleta,VARIÁVEL,Energia,144399.59,2023-11-19,2023-11
666,Produção,Variável,Manutenção,116485.55,2023-08-20,2023-08
667,Produção,Variável,Energia,113226.8,2024-07-18,2024-07
668,Coleta,FIXO,Mão de obra,110517.02,2023-05-18,2023-05
669,Coleta,Fixo,Combustível,97996.55,2024-12-02,2024-12
670,Coleta,Fixo,Manutenção,59537.9,2023-03-08,2023-03
671,Coleta,Variável,Energia,97783.35,2024-01-02,2024-01
672,Logística,Variável,Aluguel,5717.46,19/10/2024,2024-10
673,Coleta,Variável,Mão de obra,140511.09,26/04/2024,2024-04
674,Logística,variável,Energia,97890.36,2023-02-03,2023-02
675,Comercial,Fixo,Combustível,83854.73,2024-03-19,2024-03
676,Logística,variável,Manutenção,23883.8,2023-08-14,2023-08
677,Comercial,Variável,Aluguel,69813.99,2023-05-18,2023-05
678,Coleta,Variável,Mão de obra,65869.04,13/07/2024,2024-07
679,Comercial,Variável,Mão de obra,93899.67,2023-09-30,2023-09
680,Comercial,Variável,Manutenção,139957.43,2024-03-30,2024-03
681,Comercial,Variável,Energia,97878.74,2023-10-03,2023-10
682,Logística,Fixo,Aluguel,139022.24,2023-04-10,2023-04
683,Comercial,Variável,Combustível,45162.85,2023-07-01,2023-07
684,Coleta,Variável,Energia,99887.13,2024-05-05,2024-05
685,Produção,Fixo,Energia,82937.07,2023-07-08,2023-07
686,Administrativo,Fixo,Mão de obra,101819.5,2024-04-12,2024-04
687,Administrativo,Fixo,Aluguel,96601.67,2024-11-04,2024-11
688,Coleta,Variável,Mão de obra,19076.11,2023-10-07,2023-10
689,Logística,Fixo,Aluguel,145256.48,22/01/2023,2023-01
690,Comercial,Variável,Energia,118918.6,2024-06-06,2024-06
691,Administrativo,VARIÁVEL,Manutenção,120792.98,2024-01-04,2024-01
692,Comercial,VARIÁVEL,Manutenção,72008.15,2023-06-05,2023-06
693,Administrativo,VARIÁVEL,Mão de obra,30338.02,2023-01-15,2023-01
694,Produção,Variável,Manutenção,47489.39,2024-02-08,2024-02
695,Produção,Variável,Manutenção,955.07,2023-04-05,2023-04
696,Comercial,Variável,Energia,114820.96,2024-06-20,2024-06
697,Logística,FIXO,Manutenção,75216.23,2023-03-14,2023-03
698,Administrativo,Variável,Aluguel,22156.24,2023-09-28,2023-09
699,Administrativo,Fixo,Aluguel,796.97,2024-03-23,2024-03
700,Coleta,Fixo,Manutenção,36400.16,2024-08-02,2024-08
701,Comercial,VARIÁVEL,Manutenção,143358.51,2023-07-02,2023-07
702,Produção,Fixo,Energia,35762.61,2023-11-22,2023-11
703,Logística,Variável,Aluguel,148064.67,2024-02-10,2024-02
704,Comercial,Variável,Combustível,19939.6,2024-02-17,2024-02
705,Coleta,Fixo,Combustível,145680.36,2024-09-04,2024-09
706,Produção,Variável,,73789.41,2023-02-14,2023-02
707,Comercial,Variável,Aluguel,34133.54,2024-07-17,2024-07
708,Logística,Fixo,Aluguel,1174.46,2023-06-06,2023-06
709,Administrativo,Fixo,Energia,14936.51,2024-12-23,2024-12
710,Produção,Variável,Energia,103499.41,2023-03-14,2023-03
711,Coleta,Variável,Energia,101844.5,2024-07-06,2024-07
712,Comercial,Fixo,Mão de obra,70828.4,2023-07-09,2023-07
713,Coleta,FIXO,Aluguel,50708.0,2024-12-31,2024-12
714,Comercial,Fixo,Combustível,49087.22,2023-07-13,2023-07
715,Coleta,Fixo,Aluguel,138696.38,2023-01-04,2023-01
716,Produção,Variável,Mão de obra,72329.63,2023-03-22,2023-03
717,Produção,Variável,Mão de obra,13876.42,2024-02-13,2024-02
718,Coleta,FIXO,Combustível,102996.1,2024-01-14,2024-01
719,Coleta,Variável,Energia,13848.07,2023-02-15,2023-02
720,Logística,Variável,Combustível,91871.35,2023-02-19,2023-02
721,Logística,Variável,Manutenção,134020.57,2023-04-14,2023-04
722,Logística,Variável,Energia,72161.78,2024-05-27,2024-05
723,Administrativo,Fixo,Energia,114622.2,2023-10-10,2023-10
724,Coleta,Fixo,Manutenção,104633.75,2023-10-12,2023-10
725,Administrativo,VARIÁVEL,Energia,66076.54,2024-08-02,2024-08
726,Produção,Variável,Combustível,68325.7,10/08/2023,2023-08
727,Coleta,Fixo,Aluguel,124779.8,2024-03-26,2024-03
728,Comercial,FIXO,Combustível,98928.15,2024-01-01,2024-01
729,Coleta,Fixo,Manutenção,130323.6,2024-11-25,2024-11
730,Administrativo,Fixo,Aluguel,104891.63,2024-06-06,2024-06
731,Produção,Variável,Combustível,38612.06,2023-07-11,2023-07
732,Produção,Variável,Combustível,70329.51,06/02/2023,2023-02
733,Administrativo,Fixo,Manutenção,130458.43,2023-12-18,2023-12
734,Produção,Fixo,Aluguel,34218.81,2023-12-05,2023-12
735,Coleta,Fixo,,29951.79,2024-06-25,2024-06
736,Coleta,Fixo,Manutenção,92812.12,2024-09-22,2024-09
737,Comercial,FIXO,,13132.92,2024-05-25,2024-05
738,Administrativo,Variável,Combustível,2238.57,2024-10-16,2024-10
739,Logística,FIXO,Manutenção,49044.03,2024-11-01,2024-11
740,Logística,Fixo,Combustível,63337.21,2023-07-05,2023-07
741,Administrativo,FIXO,Energia,58867.76,2024-03-02,2024-03
742,Administrativo,Fixo,Combustível,15422.97,2024-02-02,2024-02
743,Coleta,VARIÁVEL,Aluguel,104996.75,2023-12-18,2023-12
744,Produção,Fixo,Combustível,40005.19,2023-08-01,2023-08
745,Administrativo,Fixo,Mão de obra,100088.21,2023-03-14,2023-03
746,Logística,Variável,Mão de obra,75893.26,2024-07-09,2024-07
747,Comercial,Variável,Combustível,73140.57,2023-08-07,2023-08
748,Coleta,fixo,Energia,142740.53,2023-01-22,2023-01
749,Administrativo,Variável,Energia,3432.28,2024-09-30,2024-09
750,Logística,Fixo,Aluguel,132467.18,2023-03-19,2023-03
751,Coleta,Fixo,Energia,72819.77,2024-08-01,2024-08
752,Coleta,Fixo,Mão de obra,41299.73,2023-03-01,2023-03
753,Logística,Fixo,Manutenção,26657.52,2023-02-27,2023-02
754,Administrativo,Fixo,Mão de obra,23422.23,2023-12-24,2023-12
755,Coleta,Fixo,Mão de obra,78245.66,2024-02-13,2024-02
756,Coleta,Fixo,Energia,41092.36,2023-12-07,2023-12
757,Coleta,Fixo,Mão de obra,1645.64,2024-05-09,2024-05
758,Administrativo,fixo,Aluguel,21907.87,2024-05-08,2024-05
759,Logística,Variável,Manutenção,124267.91,2023-06-25,2023-06
760,Logística,variável,Manutenção,49937.35,2023-08-15,2023-08
761,Comercial,Fixo,Combustível,138262.81,2024-06-08,2024-06
762,Administrativo,Variável,Energia,97684.39,2023-10-22,2023-10
763,Comercial,Fixo,Combustível,71734.14,2023-11-20,2023-11
764,Logística,Fixo,Combustível,141795.53,2024-11-13,2024-11
765,Coleta,VARIÁVEL,Manutenção,33045.83,2024-09-27,2024-09
766,Administrativo,Fixo,Manutenção,40150.09,2024-11-14,2024-11
767,Comercial,Variável,Mão de obra,138159.36,2023-07-16,2023-07
768,Produção,Variável,Aluguel,14947.36,2023-05-07,2023-05
769,Administrativo,Variável,Manutenção,36133.26,2023-07-09,2023-07
770,Logística,Fixo,Aluguel,86484.93,2023-07-15,2023-07
771,Logística,Variável,Aluguel,14391.09,2023-05-26,2023-05
772,Produção,Variável,Energia,105013.24,2024-03-15,2024-03
773,Coleta,variável,Aluguel,111860.4,2023-06-08,2023-06
774,Comercial,FIXO,Aluguel,39145.29,2024-10-30,2024-10
775,Produção,Fixo,Aluguel,35521.14,2023-06-15,2023-06
776,Comercial,Fixo,Mão de obra,117608.01,2023-05-12,2023-05
777,Produção,Fixo,Aluguel,63960.76,2024-01-28,2024-01
778,Administrativo,Fixo,Mão de obra,56778.2,2024-08-16,2024-08
779,Produção,Variável,Aluguel,17350.92,2024-04-02,2024-04
780,Logística,Fixo,Mão de obra,87891.69,2024-03-21,2024-03
781,Logística,Variável,Mão de obra,69810.61,2024-08-22,2024-08
782,Produção,Variável,Combustível,94159.57,2024-03-03,2024-03
783,Comercial,Fixo,,16370.71,2024-08-26,2024-08
784,Logística,fixo,Aluguel,43619.86,2023-04-07,2023-04
785,Comercial,fixo,Manutenção,130036.05,03/04/2024,2024-04
786,Coleta,variável,,51628.95,2023-03-25,2023-03
787,Produção,fixo,Energia,8056.52,2024-04-20,2024-04
788,Produção,Fixo,Manutenção,6349.1,2023-05-26,2023-05
789,Produção,FIXO,Combustível,18766.89,2023-03-29,2023-03
790,Comercial,FIXO,Energia,40752.41,2023-05-24,2023-05
791,Produção,Variável,Mão de obra,49444.36,22/05/2024,2024-05
792,Produção,fixo,Combustível,128449.27,2023-02-12,2023-02
793,Produção,Fixo,Aluguel,93468.6,2024-12-31,2024-12
794,Coleta,Fixo,Combustível,45748.54,2023-02-15,2023-02
795,Comercial,fixo,Manutenção,83587.64,2024-06-29,2024-06
796,Coleta,FIXO,Mão de obra,42738.71,2023-06-12,2023-06
797,Logística,Fixo,Aluguel,109402.11,2024-10-03,2024-10
798,Comercial,Variável,Manutenção,49737.77,2024-03-02,2024-03
799,Administrativo,Variável,Aluguel,112459.74,2023-05-05,2023-05
800,Coleta,Fixo,Mão de obra,105358.13,2024-11-06,2024-11
801,Comercial,Variável,Combustível,49519.49,2024-08-23,2024-08
802,Administrativo,Fixo,Combustível,86575.53,2024-03-26,2024-03
803,Coleta,Fixo,Energia,49128.87,2023-06-15,2023-06
804,Logística,Variável,Manutenção,84301.34,2024-02-28,2024-02
805,Produção,Variável,Aluguel,89124.05,2023-06-04,2023-06
806,Comercial,Fixo,Mão de obra,13537.76,2023-01-29,2023-01
807,Administrativo,Fixo,Manutenção,114874.26,2024-08-08,2024-08
808,Administrativo,Variável,Aluguel,97292.06,2023-08-23,2023-08
809,Administrativo,variável,Combustível,85773.6,2023-04-21,2023-04
810,Produção,Fixo,Manutenção,40581.33,2023-06-26,2023-06
811,Produção,Variável,Energia,88533.58,2023-08-12,2023-08
812,Produção,Fixo,Manutenção,125609.08,2024-03-01,2024-03
813,Comercial,Variável,Energia,89184.39,2023-08-20,2023-08
814,Comercial,Fixo,Energia,36790.36,2024-05-16,2024-05
815,Administrativo,Variável,Aluguel,100801.42,2023-07-16,2023-07
816,Logística,Fixo,Energia,36182.49,2023-06-10,2023-06
817,Comercial,fixo,Mão de obra,111629.77,2023-07-18,2023-07
818,Coleta,Variável,Aluguel,124429.02,2023-08-12,2023-08
819,Administrativo,Fixo,Combustível,66889.93,2024-07-20,2024-07
820,Produção,variável,Energia,38914.56,2023-03-07,2023-03
821,Administrativo,Variável,Energia,132980.23,2024-10-24,2024-10
822,Produção,Fixo,Manutenção,2745.92,2023-07-09,2023-07
823,Administrativo,fixo,Combustível,33983.57,2024-02-20,2024-02
824,Logística,Fixo,Energia,8322.08,2023-10-01,2023-10
825,Comercial,Fixo,Aluguel,4121.41,2023-09-01,2023-09
826,Produção,VARIÁVEL,Energia,56861.37,2023-11-07,2023-11
827,Comercial,Fixo,Manutenção,60505.52,2023-02-19,2023-02
828,Coleta,Variável,,49565.36,2023-04-10,2023-04
829,Coleta,VARIÁVEL,Manutenção,58480.78,2023-03-07,2023-03
830,Produção,Variável,Aluguel,106498.29,2024-11-14,2024-11
831,Administrativo,Fixo,Combustível,103204.32,2023-07-16,2023-07
832,Produção,Variável,Energia,46224.85,2023-09-29,2023-09
833,Administrativo,variável,Manutenção,134808.35,2023-03-15,2023-03
834,Produção,Variável,Energia,71628.51,2024-06-25,2024-06
835,Administrativo,Variável,Aluguel,4158.78,2023-12-15,2023-12
836,Comercial,Fixo,Manutenção,1728.47,2023-06-28,2023-06
837,Produção,Variável,Energia,66628.1,2024-02-20,2024-02
838,Produção,Fixo,Energia,8300.19,2024-12-09,2024-12
839,Coleta,Fixo,Aluguel,13253.42,2024-03-23,2024-03
840,Comercial,Variável,,14236.76,2024-05-29,2024-05
841,Administrativo,variável,Energia,35510.06,2023-04-14,2023-04
842,Comercial,Fixo,Combustível,125871.31,2024-08-09,2024-08
843,Logística,Variável,Energia,73681.07,2024-01-21,2024-01
844,Comercial,Fixo,Aluguel,130990.99,2023-10-15,2023-10
845,Administrativo,variável,Energia,116192.03,2024-07-09,2024-07
846,Comercial,Fixo,Combustível,72352.62,2023-10-24,2023-10
847,Comercial,Variável,Aluguel,100667.03,2024-01-29,2024-01
848,Comercial,Fixo,Manutenção,62973.24,2024-12-18,2024-12
849,Comercial,fixo,Combustível,14822.33,2024-07-07,2024-07
850,Logística,variável,Manutenção,93762.52,2023-08-11,2023-08
851,Logística,Fixo,Mão de obra,10105.69,2024-05-22,2024-05
852,Administrativo,Variável,Manutenção,45549.04,2024-11-16,2024-11
853,Coleta,Fixo,Combustível,112306.06,2023-05-18,2023-05
854,Produção,Variável,Manutenção,66111.78,2024-10-26,2024-10
855,Logística,Fixo,Mão de obra,65997.75,2023-11-21,2023-11
856,Coleta,Fixo,Energia,145586.31,18/06/2023,2023-06
857,Coleta,variável,Energia,43823.45,2023-11-04,2023-11
858,Comercial,FIXO,Mão de obra,51872.74,2024-07-17,2024-07
859,Coleta,Variável,Combustível,111326.11,2023-07-26,2023-07
860,Administrativo,Variável,Mão de obra,107730.64,2024-04-27,2024-04
861,Coleta,Variável,Aluguel,115189.37,2024-12-08,2024-12
862,Coleta,Fixo,Aluguel,15938.74,2024-01-29,2024-01
863,Logística,Fixo,Energia,135909.66,2024-05-08,2024-05
864,Produção,Fixo,Energia,64812.46,2023-11-02,2023-11
865,Logística,Fixo,Manutenção,27118.11,2023-08-09,2023-08
866,Produção,Variável,Manutenção,70787.9,2024-03-31,2024-03
867,Coleta,variável,Combustível,118312.66,2023-04-18,2023-04
868,Comercial,Variável,Manutenção,20982.82,2023-07-24,2023-07
869,Administrativo,Fixo,Aluguel,106895.55,2023-06-26,2023-06
870,Administrativo,Variável,Combustível,34342.65,2024-02-11,2024-02
871,Logística,Fixo,Mão de obra,54776.42,2024-04-27,2024-04
872,Produção,Fixo,Aluguel,75521.2,2024-10-11,2024-10
873,Comercial,Variável,Manutenção,92115.56,2024-05-22,2024-05
874,Coleta,Variável,Aluguel,59490.4,2023-09-18,2023-09
875,Coleta,Variável,Energia,141069.21,2023-02-07,2023-02
876,Comercial,Fixo,Manutenção,12981.14,2023-05-14,2023-05
877,Logística,Variável,Mão de obra,13361.99,2023-07-27,2023-07
878,Produção,Fixo,Aluguel,77649.53,2023-03-31,2023-03
879,Logística,Variável,Mão de obra,133250.68,2024-12-19,2024-12
880,Logística,Variável,Mão de obra,134140.93,2023-03-26,2023-03
881,Logística,Fixo,Energia,73356.11,2024-05-11,2024-05
882,Logística,Variável,Mão de obra,28111.27,2023-08-26,2023-08
883,Administrativo,Fixo,Manutenção,45465.33,2024-09-03,2024-09
884,Logística,fixo,Aluguel,111186.52,2024-02-14,2024-02
885,Comercial,Variável,Mão de obra,118669.89,2024-08-22,2024-08
886,Administrativo,Fixo,Aluguel,8482.15,12/02/2023,2023-02
887,Comercial,Variável,Energia,108289.34,2023-07-02,2023-07
888,Coleta,Fixo,Manutenção,83173.76,2023-09-08,2023-09
889,Comercial,Fixo,Mão de obra,43761.87,2023-04-19,2023-04
890,Coleta,Fixo,Energia,97694.8,07/12/2023,2023-12
891,Logística,Variável,Aluguel,111994.17,2024-07-20,2024-07
892,Logística,Fixo,Energia,41722.37,2023-04-30,2023-04
893,Comercial,Variável,Combustível,12761.14,2023-10-25,2023-10
894,Coleta,Fixo,Combustível,89446.47,2024-06-22,2024-06
895,Logística,Variável,Energia,126651.74,2024-03-02,2024-03
896,Produção,Fixo,Energia,43881.1,2024-04-25,2024-04
897,Administrativo,Variável,Mão de obra,9409.37,2024-03-15,2024-03
898,Coleta,fixo,Combustível,82796.48,2023-12-27,2023-12
899,Administrativo,FIXO,Energia,75795.29,2024-11-26,2024-11
900,Produção,Fixo,Mão de obra,109209.52,2023-07-11,2023-07
901,Coleta,Variável,,89485.85,2024-12-14,2024-12
902,Administrativo,Fixo,Mão de obra,75946.78,2024-05-04,2024-05
903,Comercial,VARIÁVEL,Combustível,41011.5,2023-01-17,2023-01
904,Logística,Variável,Combustível,85356.04,2024-02-11,2024-02
905,Administrativo,Fixo,Aluguel,63569.17,2023-11-10,2023-11
906,Comercial,Fixo,Aluguel,104350.4,2023-10-28,2023-10
907,Coleta,Variável,Combustível,139827.16,2024-09-30,2024-09
908,Comercial,Variável,Mão de obra,124419.1,2023-12-31,2023-12
909,Logística,Fixo,Mão de obra,107848.57,2023-10-08,2023-10
910,Coleta,Variável,Combustível,145241.49,2024-02-11,2024-02
911,Logística,Fixo,Mão de obra,83877.58,2023-06-06,2023-06
912,Coleta,Variável,,108110.14,2024-03-25,2024-03
913,Produção,FIXO,Combustível,114389.8,2024-01-19,2024-01
914,Comercial,Variável,Combustível,100265.11,2023-10-12,2023-10
915,Logística,Variável,Manutenção,86709.39,2024-06-18,2024-06
916,Coleta,Fixo,Mão de obra,117818.52,2024-04-24,2024-04
917,Produção,Fixo,Energia,57959.13,2024-02-29,2024-02
918,Produção,Variável,Energia,17016.82,2024-08-12,2024-08
919,Logística,variável,Combustível,14013.35,01/09/2023,2023-09
920,Administrativo,Fixo,Aluguel,68772.74,2024-08-24,2024-08
921,Coleta,Fixo,Combustível,34077.13,2024-12-30,2024-12
922,Coleta,Fixo,Aluguel,99742.8,2023-03-28,2023-03
923,Comercial,Variável,Aluguel,128816.84,2023-07-29,2023-07
924,Logística,Fixo,Manutenção,38020.9,2024-11-23,2024-11
925,Produção,Fixo,Manutenção,29217.54,2024-01-28,2024-01
926,Administrativo,Variável,Combustível,101943.73,2024-07-25,2024-07
927,Logística,Variável,Manutenção,130730.22,2024-09-24,2024-09
928,Comercial,VARIÁVEL,Mão de obra,30034.45,2024-04-14,2024-04
929,Produção,Fixo,Mão de obra,14196.87,2023-12-07,2023-12
930,Produção,Fixo,Aluguel,20081.44,2023-06-24,2023-06
931,Produção,Variável,Aluguel,73655.69,2023-06-26,2023-06
932,Coleta,Variável,Mão de obra,29274.49,2024-10-29,2024-10
933,Logística,Fixo,Combustível,28889.64,2023-10-04,2023-10
934,Comercial,Variável,Combustível,78239.31,2023-02-20,2023-02
935,Produção,Fixo,Aluguel,141347.31,2024-03-05,2024-03
936,Logística,VARIÁVEL,,116370.23,2023-09-10,2023-09
937,Comercial,Fixo,Manutenção,22190.76,2023-06-20,2023-06
938,Administrativo,Fixo,Mão de obra,24943.11,2024-12-23,2024-12
939,Logística,Fixo,,142394.26,2024-02-22,2024-02
940,Produção,Fixo,Combustível,78167.93,26/08/2024,2024-08
941,Administrativo,Variável,Combustível,101125.15,2023-03-06,2023-03
942,Administrativo,Variável,Manutenção,41620.05,2024-04-22,2024-04
943,Coleta,Variável,Aluguel,20042.83,2023-06-08,2023-06
944,Administrativo,Fixo,Combustível,26504.38,2024-06-24,2024-06
945,Administrativo,variável,Combustível,93887.1,2023-01-07,2023-01
946,Comercial,Fixo,Aluguel,36400.25,2024-01-22,2024-01
947,Logística,Fixo,Combustível,11809.32,2023-07-11,2023-07
948,Coleta,Variável,Aluguel,140998.01,2024-10-13,2024-10
949,Logística,Variável,Energia,17680.91,2023-10-03,2023-10
950,Administrativo,variável,Mão de obra,60086.47,17/09/2023,2023-09
951,Coleta,Variável,Aluguel,122573.15,2024-01-15,2024-01
952,Logística,Fixo,Energia,97837.21,2024-09-18,2024-09
953,Logística,Variável,Aluguel,38947.85,2023-11-08,2023-11
954,Logística,Fixo,Energia,89163.62,2024-10-15,2024-10
955,Administrativo,Fixo,Mão de obra,129215.88,2023-01-10,2023-01
956,Produção,Fixo,Energia,134531.97,2023-06-13,2023-06
957,Coleta,variável,Mão de obra,135504.38,2024-11-09,2024-11
958,Administrativo,VARIÁVEL,Aluguel,89486.76,2024-06-07,2024-06
959,Comercial,Fixo,Aluguel,21568.39,2024-12-23,2024-12
960,Coleta,Variável,Mão de obra,83400.93,2023-05-07,2023-05
961,Coleta,fixo,Manutenção,19230.94,2023-11-28,2023-11
962,Logística,Fixo,Mão de obra,98612.7,2024-10-10,2024-10
963,Produção,Fixo,Manutenção,19785.27,2024-04-28,2024-04
964,Comercial,Variável,Manutenção,36262.3,2023-02-07,2023-02
965,Produção,Fixo,Manutenção,14511.63,2023-01-18,2023-01
966,Logística,Variável,Energia,17992.0,2023-09-05,2023-09
967,Produção,Fixo,Aluguel,21380.71,2023-06-09,2023-06
968,Logística,VARIÁVEL,Manutenção,50978.33,2023-08-24,2023-08
969,Coleta,fixo,Aluguel,32037.89,2024-04-28,2024-04
970,Produção,Fixo,Mão de obra,22090.22,2023-01-01,2023-01
971,Logística,Variável,Manutenção,94348.68,2024-06-27,2024-06
972,Logística,Variável,,50999.29,2024-05-18,2024-05
973,Administrativo,Variável,Mão de obra,132743.76,2024-10-23,2024-10
974,Comercial,Variável,Energia,106773.88,2023-12-17,2023-12
975,Comercial,Fixo,Combustível,131883.08,2023-02-13,2023-02
976,Administrativo,Fixo,Aluguel,22769.38,2023-01-08,2023-01
977,Coleta,Variável,Mão de obra,78442.15,2023-11-14,2023-11
978,Comercial,Fixo,Energia,12397.17,2024-11-10,2024-11
979,Produção,Variável,Mão de obra,145592.68,2024-04-09,2024-04
980,Produção,fixo,Manutenção,140011.14,2024-08-01,2024-08
981,Administrativo,VARIÁVEL,Energia,95520.78,2023-08-05,2023-08
982,Comercial,Fixo,Aluguel,77768.06,2024-03-20,2024-03
983,Administrativo,VARIÁVEL,Aluguel,108442.46,2024-08-10,2024-08
984,Coleta,Variável,Combustível,105116.73,2023-01-05,2023-01
985,Comercial,variável,Combustível,63058.98,2023-01-16,2023-01
986,Administrativo,Variável,Energia,61067.28,2023-06-07,2023-06
987,Produção,Fixo,Combustível,108973.18,2023-08-24,2023-08
988,Produção,Variável,Combustível,125713.91,2023-07-15,2023-07
989,Logística,Fixo,Energia,112824.46,2023-01-20,2023-01
990,Produção,Fixo,Manutenção,19402.02,2023-09-08,2023-09
991,Comercial,Variável,Combustível,114454.42,2023-07-14,2023-07
992,Logística,Variável,Energia,79610.57,2023-01-21,2023-01
993,Produção,Variável,Manutenção,23964.02,2023-09-04,2023-09
994,Administrativo,Variável,Aluguel,36147.24,27/04/2024,2024-04
995,Comercial,VARIÁVEL,Aluguel,47740.95,2024-10-14,2024-10
996,Comercial,Variável,Aluguel,29112.85,2023-07-26,2023-07
997,Comercial,fixo,Manutenção,29997.77,2024-11-04,2024-11
998,Comercial,VARIÁVEL,Aluguel,28791.99,2024-05-24,2024-05
999,Coleta,Fixo,,4550.11,2023-06-04,2023-06
1000,Coleta,FIXO,Mão de obra,86561.88,2023-05-29,2023-05
