id_perda,etapa,tipo_perda,data_perda,volume_litros_ou_kg,valor_estimado,id_cooperado,id_producao,id_entrega,descricao
1,Produção,Falha de processo,2023-02-21,289.7,13072.21,,1895,,Perda na etapa de produção
2,Coleta,Vencimento,2023-09-07,1071.1,19686.72,,,,Perda na etapa de coleta
3,Coleta,Devolução,2023-01-24,993.82,9295.13,9,,,Perda na etapa de coleta
4,Produção,Derramamento,2023-10-26,629.73,16444.38,,,,Perda na etapa de produção
5,Transporte,Vencimento,2023-09-29,729.59,2064.41,,,1991,Perda na etapa de transporte
6,Transporte,Derramamento,30/12/2024,1278.09,725.01,,,,Perda na etapa de transporte
7,Coleta,Contaminação,2024-12-16,799.52,6277.09,,,,
8,Coleta,Devolução,2024-04-15,1378.47,1150.25,18,,,Perda na etapa de coleta
9,Coleta,Derramamento,2024-05-05,1783.4,,,,,Perda na etapa de coleta
10,Transporte,Devolução,13/11/2023,761.86,,,,,Perda na etapa de transporte
11,Coleta,Contaminação,2024-07-14,,5095.99,,,,Perda na etapa de coleta
12,Transporte,Falha de processo,2023-09-01,443.11,6621.43,,,3922,Perda na etapa de transporte
13,Produção,Devolução,2024-06-30,1521.59,,,1766,,
14,Produção,Devolução,2024-06-09,581.94,16433.71,,,,Perda na etapa de produção
15,Estoque,Derramamento,2024-07-10,1227.5,6105.91,,,,Perda na etapa de estoque
16,Produção,Vencimento,2024-03-17,652.47,18320.75,,,,Perda na etapa de produção
17,Estoque,Contaminação,2024-06-29,1225.96,10908.54,,,,Perda na etapa de estoque
18,Transporte,Falha de processo,2023-03-15,797.21,2834.0,,,,
19,Coleta,Falha de processo,2024-10-17,1592.54,1880.72,59,,,Perda na etapa de coleta
20,Produção,Falha de processo,2024-04-11,698.0,12180.12,,194,,Perda na etapa de produção
21,Coleta,Falha de processo,2024-08-12,675.8,10658.34,,,,Perda na etapa de coleta
22,Estoque,Contaminação,2024-03-04,270.94,11280.19,,,,
23,Transporte,Falha de processo,2023-07-02,538.41,7766.4,,,5450,Perda na etapa de transporte
24,Transporte,Falha de processo,2023-03-02,1126.12,12365.17,,,,Perda na etapa de transporte
25,Transporte,Devolução,2023-11-07,1991.2,2783.7,,,2440,Perda na etapa de transporte
26,Estoque,Vencimento,2023-08-19,1080.8,18013.39,,,,Perda na etapa de estoque
27,Estoque,Vencimento,2023-02-23,900.93,17115.02,,,,Perda na etapa de estoque
28,Estoque,Falha de processo,2023-10-02,602.25,547.65,,,,Perda na etapa de estoque
29,Estoque,Derramamento,2023-07-04,1673.21,8275.26,,,,
30,Coleta,Contaminação,2023-07-13,1242.18,9873.4,,,,Perda na etapa de coleta
31,Transporte,Falha de processo,2023-01-28,1293.81,15584.62,,,2313,Perda na etapa de transporte
32,Coleta,Vencimento,2024-09-08,1240.72,9002.36,34,,,Perda na etapa de coleta
33,Coleta,Falha de processo,2023-09-08,912.46,3667.03,,,,Perda na etapa de coleta
34,Transporte,Devolução,2024-03-30,123.25,16295.35,,,,Perda na etapa de transporte
35,Produção,Vencimento,2023-08-26,1139.78,8653.79,,78,,Perda na etapa de produção
36,Transporte,Devolução,2023-04-02,1111.71,15472.8,,,2467,Perda na etapa de transporte
37,Produção,Derramamento,2024-01-22,1066.26,3253.98,,,,Perda na etapa de produção
38,Coleta,Derramamento,2024-06-26,1615.58,6576.65,95,,,Perda na etapa de coleta
39,Produção,Vencimento,2023-02-25,833.16,18518.25,,,,Perda na etapa de produção
40,Produção,Vencimento,2024-10-25,1827.72,,,2686,,Perda na etapa de produção
41,Coleta,Devolução,2023-01-03,1499.67,13916.44,,,,Perda na etapa de coleta
42,Estoque,Falha de processo,2023-06-23,293.78,1458.03,,,,Perda na etapa de estoque
43,Coleta,Derramamento,23/02/2023,1695.21,,,,,Perda na etapa de coleta
44,Estoque,Contaminação,2024-04-11,267.0,11123.07,,,,
45,Produção,Contaminação,2023-11-15,197.41,7938.77,,2987,,
46,Estoque,Falha de processo,2023-02-03,1729.22,9191.74,,,,Perda na etapa de estoque
47,Produção,Vencimento,2023-12-11,1506.36,6146.32,,,,Perda na etapa de produção
48,Transporte,Derramamento,2023-12-18,1334.93,2612.53,,,51,Perda na etapa de transporte
49,Coleta,Devolução,2024-04-24,1628.51,657.17,,,,Perda na etapa de coleta
50,Coleta,Falha de processo,2023-06-16,1688.37,7872.64,,,,Perda na etapa de coleta
51,Coleta,Falha de processo,2023-08-20,1235.31,4977.57,,,,Perda na etapa de coleta
52,Coleta,Falha de processo,2024-02-08,1658.94,17581.5,,,,Perda na etapa de coleta
53,Coleta,Vencimento,2023-11-11,306.56,5107.42,,,,Perda na etapa de coleta
54,Produção,Falha de processo,2023-01-24,129.89,8654.71,,,,
55,Estoque,Contaminação,2023-07-07,1829.92,14057.95,,,,Perda na etapa de estoque
56,Transporte,Devolução,2024-06-23,905.24,,,,3435,Perda na etapa de transporte
57,Produção,Falha de processo,2024-10-23,338.43,923.45,,,,Perda na etapa de produção
58,Estoque,Falha de processo,11/11/2024,730.07,1077.66,,,,Perda na etapa de estoque
59,Produção,Derramamento,2023-02-09,465.42,12240.81,,,,Perda na etapa de produção
60,Estoque,Devolução,2023-07-07,,9454.22,,,,
61,Estoque,Derramamento,2023-07-31,915.36,9700.12,,,,Perda na etapa de estoque
62,Estoque,Falha de processo,2023-05-21,1695.6,7387.88,,,,Perda na etapa de estoque
63,Transporte,Derramamento,2023-07-01,590.52,,,,4974,Perda na etapa de transporte
64,Estoque,Contaminação,2023-04-23,1843.19,552.56,,,,Perda na etapa de estoque
65,Coleta,Vencimento,2023-08-21,434.44,9985.42,80,,,Perda na etapa de coleta
66,Estoque,Derramamento,2024-11-14,1253.65,11742.95,,,,Perda na etapa de estoque
67,Estoque,Devolução,2024-07-09,650.8,3476.38,,,,
68,Estoque,Falha de processo,2024-03-13,1371.78,16372.77,,,,Perda na etapa de estoque
69,Estoque,Devolução,2024-05-15,582.28,4084.55,,,,Perda na etapa de estoque
70,Transporte,Contaminação,2023-01-29,950.83,969.2,,,969,Perda na etapa de transporte
71,Produção,Vencimento,2023-08-28,52.24,9773.75,,1033,,Perda na etapa de produção
72,Estoque,Devolução,2023-06-09,719.1,14204.81,,,,Perda na etapa de estoque
73,Produção,Vencimento,2024-08-08,428.95,14306.7,,,,Perda na etapa de produção
74,Produção,Devolução,03/07/2023,828.55,5139.14,,,,Perda na etapa de produção
75,Produção,Falha de processo,2023-04-13,307.23,11630.82,,1910,,Perda na etapa de produção
76,Coleta,Falha de processo,2024-10-12,1676.2,8135.15,24,,,
77,Transporte,Devolução,2023-09-08,423.32,5946.1,,,,Perda na etapa de transporte
78,Coleta,Contaminação,2024-04-10,1269.79,,,,,Perda na etapa de coleta
79,Produção,Vencimento,2024-04-23,,4816.9,,,,Perda na etapa de produção
80,Coleta,Derramamento,04/09/2024,386.54,4743.49,,,,Perda na etapa de coleta
81,Estoque,Contaminação,2024-04-13,1977.81,14878.64,,,,Perda na etapa de estoque
82,Estoque,Contaminação,2024-07-21,1589.67,11897.93,,,,Perda na etapa de estoque
83,Produção,Devolução,2023-11-22,1275.95,5444.23,,86,,Perda na etapa de produção
84,Produção,Contaminação,2023-07-24,1426.49,915.38,,,,Perda na etapa de produção
85,Transporte,Contaminação,2024-03-28,914.33,2874.67,,,4472,Perda na etapa de transporte
86,Estoque,Contaminação,2024-10-19,1523.58,19481.52,,,,Perda na etapa de estoque
87,Estoque,Vencimento,2023-10-03,1096.44,19010.13,,,,Perda na etapa de estoque
88,Transporte,Derramamento,2023-09-26,170.96,,,,2237,
89,Estoque,Contaminação,2023-03-15,384.94,4373.34,,,,Perda na etapa de estoque
90,Produção,Derramamento,2023-09-29,1271.38,,,2527,,
91,Transporte,Contaminação,2024-01-17,317.44,2561.1,,,,Perda na etapa de transporte
92,Estoque,Devolução,2023-04-15,1773.99,16537.88,,,,Perda na etapa de estoque
93,Produção,Contaminação,2023-12-06,703.25,336.73,,2434,,Perda na etapa de produção
94,Produção,Contaminação,2023-07-26,1634.62,16172.37,,,,
95,Produção,Contaminação,2024-11-22,1467.74,3784.64,,2748,,Perda na etapa de produção
96,Transporte,Vencimento,2023-10-26,650.92,11825.58,,,1668,Perda na etapa de transporte
97,Transporte,Contaminação,2024-10-22,1561.35,9920.63,,,4129,Perda na etapa de transporte
98,Transporte,Devolução,2024-03-01,331.24,12509.28,,,4811,Perda na etapa de transporte
99,Coleta,Falha de processo,2023-05-06,149.25,17868.31,,,,Perda na etapa de coleta
100,Coleta,Contaminação,2024-10-19,1180.14,6551.76,,,,Perda na etapa de coleta
101,Produção,Devolução,2023-10-19,1744.3,5774.74,,2058,,Perda na etapa de produção
102,Transporte,Devolução,2023-10-12,293.21,14484.94,,,160,
103,Transporte,Falha de processo,2024-07-07,1939.4,8564.7,,,1883,Perda na etapa de transporte
104,Coleta,Devolução,2024-03-05,,343.74,,,,Perda na etapa de coleta
105,Transporte,Falha de processo,2023-02-05,,1384.4,,,725,Perda na etapa de transporte
106,Estoque,Devolução,2023-02-16,1360.86,1161.95,,,,Perda na etapa de estoque
107,Coleta,Vencimento,2024-01-16,1876.29,378.57,43,,,Perda na etapa de coleta
108,Transporte,Vencimento,22/10/2024,157.32,18503.96,,,,Perda na etapa de transporte
109,Estoque,Contaminação,2023-05-15,1960.28,6318.46,,,,Perda na etapa de estoque
110,Coleta,Contaminação,2023-03-16,1898.35,6659.42,95,,,Perda na etapa de coleta
111,Produção,Falha de processo,2024-02-16,1115.71,,,2061,,
112,Produção,Falha de processo,2023-08-21,,5943.33,,2336,,Perda na etapa de produção
113,Produção,Devolução,2024-11-24,33.54,10191.78,,2968,,
114,Estoque,Derramamento,2023-10-19,1164.81,18810.99,,,,Perda na etapa de estoque
115,Transporte,Contaminação,2024-07-19,1565.17,10335.81,,,,Perda na etapa de transporte
116,Estoque,Derramamento,2023-06-16,164.08,,,,,Perda na etapa de estoque
117,Produção,Contaminação,2024-09-27,571.15,1352.62,,1472,,Perda na etapa de produção
118,Transporte,Falha de processo,2024-11-10,234.47,5079.67,,,,Perda na etapa de transporte
119,Transporte,Derramamento,2024-08-03,,17495.66,,,,Perda na etapa de transporte
120,Coleta,Devolução,2023-12-11,746.05,7784.85,,,,Perda na etapa de coleta
121,Estoque,Vencimento,2024-01-11,275.1,5227.59,,,,Perda na etapa de estoque
122,Coleta,Contaminação,2023-09-13,246.62,3341.49,,,,Perda na etapa de coleta
123,Transporte,Derramamento,2024-06-22,953.83,13640.94,,,3153,Perda na etapa de transporte
124,Transporte,Falha de processo,2024-12-17,123.91,3921.54,,,,Perda na etapa de transporte
125,Produção,Devolução,2023-04-25,676.08,7481.46,,1815,,Perda na etapa de produção
126,Produção,Vencimento,2024-09-13,70.98,11732.75,,,,Perda na etapa de produção
127,Produção,Vencimento,2024-03-01,651.81,9222.93,,1749,,Perda na etapa de produção
128,Coleta,Devolução,2023-09-01,9.8,1341.55,,,,Perda na etapa de coleta
129,Estoque,Falha de processo,2023-05-19,1479.2,8100.95,,,,
130,Coleta,Vencimento,2024-03-10,,618.79,,,,Perda na etapa de coleta
131,Transporte,Contaminação,2024-07-02,1947.95,5013.83,,,5100,Perda na etapa de transporte
132,Transporte,Devolução,2023-07-13,1937.41,15348.36,,,3361,Perda na etapa de transporte
133,Produção,Devolução,2023-05-23,1521.86,8111.23,,,,Perda na etapa de produção
134,Produção,Devolução,2023-08-09,1118.48,2248.93,,,,Perda na etapa de produção
135,Produção,Vencimento,2023-04-18,971.99,19127.98,,1404,,
136,Transporte,Devolução,2023-09-01,1644.71,19819.03,,,5244,Perda na etapa de transporte
137,Transporte,Falha de processo,2023-05-08,1873.34,14715.3,,,2628,Perda na etapa de transporte
138,Coleta,Contaminação,2023-05-25,1853.92,13300.73,,,,Perda na etapa de coleta
139,Coleta,Devolução,2023-04-05,710.49,4909.18,50,,,Perda na etapa de coleta
140,Estoque,Contaminação,2023-05-19,1684.34,4435.07,,,,Perda na etapa de estoque
141,Produção,Derramamento,2024-03-02,,18035.35,,367,,Perda na etapa de produção
142,Estoque,Devolução,2024-05-29,1024.22,3353.25,,,,
143,Estoque,Contaminação,2024-05-28,679.96,11217.83,,,,Perda na etapa de estoque
144,Estoque,Devolução,2023-11-15,1536.07,11661.57,,,,Perda na etapa de estoque
145,Transporte,Vencimento,2024-08-19,1980.49,2875.85,,,641,Perda na etapa de transporte
146,Estoque,Devolução,2023-02-25,260.1,,,,,
147,Transporte,Vencimento,2023-01-11,,13717.41,,,3873,Perda na etapa de transporte
148,Coleta,Vencimento,2023-12-23,339.64,16670.09,,,,Perda na etapa de coleta
149,Transporte,Falha de processo,2023-09-13,463.39,8776.99,,,2272,Perda na etapa de transporte
150,Produção,Derramamento,2024-12-08,675.36,11993.32,,2753,,Perda na etapa de produção
151,Estoque,Contaminação,2023-07-09,1027.12,1087.82,,,,Perda na etapa de estoque
152,Estoque,Derramamento,2023-06-12,119.16,10045.48,,,,Perda na etapa de estoque
153,Coleta,Devolução,2024-06-01,1953.98,2558.43,5,,,Perda na etapa de coleta
154,Transporte,Derramamento,2023-12-21,968.74,13578.84,,,,Perda na etapa de transporte
155,Produção,Devolução,2023-03-21,1218.42,16843.97,,,,Perda na etapa de produção
156,Transporte,Vencimento,2024-02-13,1489.79,17665.76,,,3962,Perda na etapa de transporte
157,Estoque,Vencimento,2024-05-31,1567.79,3156.93,,,,Perda na etapa de estoque
158,Estoque,Devolução,2023-01-17,21.88,11472.49,,,,Perda na etapa de estoque
159,Estoque,Vencimento,2024-09-30,1990.79,15426.35,,,,Perda na etapa de estoque
160,Estoque,Vencimento,2023-10-29,,11947.56,,,,Perda na etapa de estoque
161,Transporte,Derramamento,2024-11-26,1165.13,8518.04,,,,Perda na etapa de transporte
162,Coleta,Derramamento,2024-05-20,1734.92,16417.82,59,,,Perda na etapa de coleta
163,Transporte,Falha de processo,2024-06-11,80.02,12051.28,,,1043,Perda na etapa de transporte
164,Coleta,Derramamento,2024-07-28,1953.3,10840.36,76,,,Perda na etapa de coleta
165,Produção,Derramamento,2023-10-22,705.88,5365.65,,1655,,Perda na etapa de produção
166,Coleta,Falha de processo,2024-02-24,1824.84,18490.36,93,,,Perda na etapa de coleta
167,Produção,Vencimento,2024-05-05,428.9,16367.06,,2280,,Perda na etapa de produção
168,Estoque,Derramamento,2024-08-30,726.41,4055.09,,,,Perda na etapa de estoque
169,Produção,Falha de processo,2023-12-28,1080.7,13799.27,,2740,,Perda na etapa de produção
170,Produção,Falha de processo,2023-08-29,,15481.04,,2333,,Perda na etapa de produção
171,Coleta,Contaminação,2023-04-27,235.07,16092.67,18,,,Perda na etapa de coleta
172,Estoque,Derramamento,2024-05-11,740.22,6088.5,,,,Perda na etapa de estoque
173,Transporte,Derramamento,2024-03-29,1759.15,6292.11,,,5171,Perda na etapa de transporte
174,Produção,Devolução,2023-08-20,422.51,11259.49,,,,Perda na etapa de produção
175,Produção,Falha de processo,2024-03-29,1099.75,1244.98,,,,Perda na etapa de produção
176,Coleta,Vencimento,2023-06-30,1988.1,10575.05,52,,,Perda na etapa de coleta
177,Produção,Contaminação,2023-07-18,1684.65,19142.79,,376,,Perda na etapa de produção
178,Transporte,Devolução,2023-10-04,,15951.07,,,2628,Perda na etapa de transporte
179,Coleta,Derramamento,2024-05-15,540.84,3859.18,53,,,
180,Transporte,Contaminação,2023-01-10,1649.25,1826.32,,,5377,Perda na etapa de transporte
181,Estoque,Vencimento,2024-10-21,913.19,2962.02,,,,Perda na etapa de estoque
182,Produção,Vencimento,2024-10-18,58.01,19806.46,,167,,Perda na etapa de produção
183,Estoque,Derramamento,2024-11-18,213.11,4240.52,,,,Perda na etapa de estoque
184,Produção,Vencimento,2023-01-07,249.96,,,,,Perda na etapa de produção
185,Transporte,Falha de processo,2024-02-15,961.64,357.99,,,4339,Perda na etapa de transporte
186,Transporte,Falha de processo,2023-09-28,1162.81,13731.15,,,,Perda na etapa de transporte
187,Coleta,Falha de processo,2024-07-18,421.22,16589.66,39,,,Perda na etapa de coleta
188,Transporte,Devolução,2024-10-29,626.79,731.35,,,,Perda na etapa de transporte
189,Coleta,Devolução,2023-01-11,1860.31,12346.63,32,,,Perda na etapa de coleta
190,Estoque,Derramamento,2023-02-15,1869.03,19387.68,,,,Perda na etapa de estoque
191,Coleta,Contaminação,2023-10-20,745.88,15753.08,,,,Perda na etapa de coleta
192,Coleta,Derramamento,2023-04-26,795.23,6655.29,,,,Perda na etapa de coleta
193,Coleta,Vencimento,2024-10-17,719.99,1315.56,53,,,Perda na etapa de coleta
194,Produção,Contaminação,20/11/2024,140.39,13985.05,,1114,,Perda na etapa de produção
195,Transporte,Vencimento,2024-06-10,19.19,4461.6,,,1269,Perda na etapa de transporte
196,Coleta,Derramamento,2023-02-24,,5644.7,48,,,Perda na etapa de coleta
197,Produção,Devolução,2024-06-26,1356.84,9227.35,,,,Perda na etapa de produção
198,Coleta,Contaminação,2024-02-01,1594.32,16851.74,,,,Perda na etapa de coleta
199,Estoque,Falha de processo,2023-05-31,1815.07,,,,,Perda na etapa de estoque
200,Produção,Falha de processo,2024-08-06,1119.92,19619.81,,584,,
201,Coleta,Falha de processo,2024-10-22,1221.75,835.4,,,,Perda na etapa de coleta
202,Produção,Devolução,2023-09-09,327.78,12880.5,,235,,Perda na etapa de produção
203,Estoque,Contaminação,2023-08-09,1926.16,13797.59,,,,Perda na etapa de estoque
204,Coleta,Vencimento,2023-08-06,499.55,13500.95,73,,,Perda na etapa de coleta
205,Coleta,Devolução,2024-07-04,1102.2,12375.46,4,,,
206,Coleta,Devolução,2024-01-22,,10532.62,36,,,Perda na etapa de coleta
207,Produção,Derramamento,2023-07-11,630.68,6629.89,,1934,,
208,Produção,Devolução,2024-06-22,684.16,7266.26,,2801,,Perda na etapa de produção
209,Transporte,Falha de processo,03/01/2024,1604.73,16863.24,,,4712,Perda na etapa de transporte
210,Estoque,Vencimento,2023-03-15,1206.81,15944.54,,,,
211,Estoque,Devolução,2024-09-28,1578.47,8675.05,,,,Perda na etapa de estoque
212,Coleta,Contaminação,2023-03-12,1683.97,368.08,,,,Perda na etapa de coleta
213,Estoque,Derramamento,2024-11-21,351.21,9762.99,,,,Perda na etapa de estoque
214,Estoque,Contaminação,2023-04-23,1630.29,10315.99,,,,Perda na etapa de estoque
215,Transporte,Devolução,2023-01-19,1142.01,7343.61,,,,Perda na etapa de transporte
216,Transporte,Falha de processo,2024-05-22,322.61,16788.88,,,2163,Perda na etapa de transporte
217,Produção,Vencimento,2024-07-13,1293.52,1776.52,,2926,,Perda na etapa de produção
218,Transporte,Contaminação,2024-12-15,588.39,6575.9,,,,Perda na etapa de transporte
219,Estoque,Devolução,2023-02-11,845.25,14608.5,,,,Perda na etapa de estoque
220,Produção,Derramamento,2023-05-23,,12850.77,,,,Perda na etapa de produção
221,Coleta,Falha de processo,2024-06-05,1369.0,2360.35,,,,
222,Transporte,Derramamento,2024-10-07,90.24,2366.52,,,264,Perda na etapa de transporte
223,Estoque,Falha de processo,2024-11-20,101.49,2437.18,,,,Perda na etapa de estoque
224,Produção,Falha de processo,2024-07-23,1005.8,13875.51,,650,,Perda na etapa de produção
225,Produção,Contaminação,2024-09-16,310.62,10337.81,,,,Perda na etapa de produção
226,Transporte,Derramamento,2023-12-31,1490.01,15481.99,,,851,Perda na etapa de transporte
227,Transporte,Falha de processo,2024-04-28,1367.93,,,,1731,
228,Estoque,Derramamento,2024-12-29,679.58,19396.28,,,,Perda na etapa de estoque
229,Transporte,Derramamento,2023-06-01,1604.26,7571.51,,,,Perda na etapa de transporte
230,Produção,Derramamento,2023-12-14,1624.24,4539.62,,1441,,Perda na etapa de produção
231,Coleta,Derramamento,2024-11-21,1316.32,11698.57,,,,Perda na etapa de coleta
232,Produção,Contaminação,2024-11-03,1193.68,1567.49,,,,
233,Estoque,Devolução,2023-03-19,67.88,13668.39,,,,Perda na etapa de estoque
234,Produção,Derramamento,2024-04-07,,12228.46,,2758,,Perda na etapa de produção
235,Estoque,Derramamento,2024-07-21,502.51,378.62,,,,
236,Coleta,Contaminação,2023-03-11,297.65,6900.11,,,,Perda na etapa de coleta
237,Coleta,Vencimento,2024-03-09,83.9,5964.06,,,,
238,Estoque,Vencimento,2024-02-17,1502.51,,,,,Perda na etapa de estoque
239,Estoque,Contaminação,2024-07-20,1518.79,969.87,,,,Perda na etapa de estoque
240,Estoque,Falha de processo,2023-08-26,1426.99,8225.03,,,,Perda na etapa de estoque
241,Transporte,Contaminação,2023-10-16,102.48,14011.6,,,192,Perda na etapa de transporte
242,Coleta,Falha de processo,2023-12-30,1766.17,12047.56,95,,,Perda na etapa de coleta
243,Transporte,Contaminação,2023-07-16,1936.02,14894.61,,,1498,Perda na etapa de transporte
244,Produção,Derramamento,20/10/2023,194.08,18582.09,,,,Perda na etapa de produção
245,Produção,Devolução,2023-06-18,25.07,9108.76,,821,,Perda na etapa de produção
246,Transporte,Devolução,2023-07-14,1040.59,12461.86,,,1213,Perda na etapa de transporte
247,Transporte,Derramamento,2024-04-25,1500.55,1796.4,,,4272,Perda na etapa de transporte
248,Transporte,Derramamento,2023-01-25,1705.36,841.04,,,1922,Perda na etapa de transporte
249,Produção,Derramamento,2024-04-23,1336.32,,,2624,,Perda na etapa de produção
250,Coleta,Devolução,2023-10-17,282.71,7767.47,,,,Perda na etapa de coleta
251,Coleta,Derramamento,2024-01-31,1679.0,8304.86,90,,,Perda na etapa de coleta
252,Produção,Vencimento,2024-03-13,1126.72,10208.52,,2751,,Perda na etapa de produção
253,Transporte,Derramamento,2023-08-08,,,,,,Perda na etapa de transporte
254,Coleta,Contaminação,2023-09-04,762.51,4677.39,,,,Perda na etapa de coleta
255,Produção,Vencimento,27/03/2023,,1442.4,,,,Perda na etapa de produção
256,Estoque,Contaminação,2024-04-28,,,,,,
257,Transporte,Contaminação,2023-01-27,1646.1,,,,4558,Perda na etapa de transporte
258,Estoque,Falha de processo,2024-03-24,,18291.89,,,,Perda na etapa de estoque
259,Transporte,Devolução,2023-08-04,754.13,12684.11,,,,Perda na etapa de transporte
260,Transporte,Contaminação,02/08/2023,1353.33,19511.24,,,3229,Perda na etapa de transporte
261,Estoque,Vencimento,2024-12-21,1743.94,14179.51,,,,Perda na etapa de estoque
262,Estoque,Derramamento,2023-01-18,1310.66,10157.43,,,,Perda na etapa de estoque
263,Estoque,Devolução,2024-12-05,799.51,408.03,,,,Perda na etapa de estoque
264,Coleta,Devolução,2023-03-03,1670.97,8973.75,8,,,Perda na etapa de coleta
265,Estoque,Contaminação,2024-06-22,1611.84,13701.1,,,,Perda na etapa de estoque
266,Estoque,Falha de processo,2023-08-31,1775.86,19108.02,,,,Perda na etapa de estoque
267,Transporte,Falha de processo,2023-10-31,341.57,18972.53,,,,Perda na etapa de transporte
268,Estoque,Devolução,2023-09-23,1378.5,1893.17,,,,Perda na etapa de estoque
269,Produção,Devolução,2024-05-18,,16485.62,,,,
270,Estoque,Derramamento,2024-08-22,565.01,7210.95,,,,Perda na etapa de estoque
271,Estoque,Derramamento,2024-10-02,190.59,17666.81,,,,
272,Produção,Vencimento,2023-08-18,1571.45,17273.87,,1002,,
273,Coleta,Vencimento,2024-03-07,1062.65,1246.87,,,,Perda na etapa de coleta
274,Transporte,Devolução,2023-10-19,1484.76,1644.88,,,,Perda na etapa de transporte
275,Coleta,Contaminação,2023-07-12,680.5,7371.69,,,,Perda na etapa de coleta
276,Produção,Devolução,2024-11-09,1724.75,,,,,Perda na etapa de produção
277,Transporte,Devolução,2023-08-17,577.65,6245.79,,,3098,
278,Estoque,Vencimento,2024-06-06,1811.09,12087.25,,,,Perda na etapa de estoque
279,Estoque,Contaminação,2024-01-27,264.85,7893.81,,,,Perda na etapa de estoque
280,Coleta,Devolução,2024-05-27,1087.73,1596.93,13,,,Perda na etapa de coleta
281,Produção,Vencimento,2024-12-14,925.9,2155.48,,303,,Perda na etapa de produção
282,Transporte,Devolução,2023-08-20,71.24,14680.09,,,1027,Perda na etapa de transporte
283,Estoque,Derramamento,2024-01-20,1097.47,16633.41,,,,Perda na etapa de estoque
284,Produção,Devolução,2024-08-31,1246.21,13181.84,,2951,,Perda na etapa de produção
285,Transporte,Devolução,2023-12-17,1991.18,8077.52,,,592,Perda na etapa de transporte
286,Transporte,Devolução,04/07/2023,1893.79,4444.34,,,,Perda na etapa de transporte
287,Estoque,Derramamento,2024-03-10,954.36,1538.61,,,,Perda na etapa de estoque
288,Transporte,Vencimento,2024-06-01,57.08,9960.87,,,,Perda na etapa de transporte
289,Transporte,Vencimento,2023-02-15,884.68,18170.56,,,,Perda na etapa de transporte
290,Produção,Contaminação,2024-03-10,1839.74,17131.31,,,,Perda na etapa de produção
291,Transporte,Contaminação,2023-03-11,74.13,7093.34,,,1709,Perda na etapa de transporte
292,Coleta,Falha de processo,2024-05-23,1880.76,14456.82,,,,Perda na etapa de coleta
293,Estoque,Devolução,2023-04-17,613.48,11345.52,,,,Perda na etapa de estoque
294,Produção,Falha de processo,2024-03-19,831.64,6646.7,,71,,
295,Coleta,Vencimento,2023-10-26,540.15,18689.72,64,,,Perda na etapa de coleta
296,Estoque,Derramamento,2023-02-26,612.46,16837.71,,,,Perda na etapa de estoque
297,Transporte,Devolução,2024-12-03,157.03,6446.34,,,,Perda na etapa de transporte
298,Produção,Derramamento,2023-01-19,274.59,,,,,
299,Coleta,Devolução,2024-04-09,1579.88,11025.29,,,,Perda na etapa de coleta
300,Estoque,Vencimento,2024-03-10,1732.2,12074.06,,,,Perda na etapa de estoque
301,Transporte,Derramamento,23/11/2023,952.67,3469.58,,,,Perda na etapa de transporte
302,Produção,Vencimento,22/05/2023,1466.43,,,1015,,Perda na etapa de produção
303,Estoque,Devolução,2024-03-05,1059.9,6218.69,,,,Perda na etapa de estoque
304,Estoque,Falha de processo,2023-07-26,34.43,11802.12,,,,Perda na etapa de estoque
305,Estoque,Devolução,2024-09-19,1589.31,10815.49,,,,
306,Coleta,Devolução,2024-10-02,460.44,2688.66,,,,
307,Produção,Falha de processo,21/01/2024,861.17,14464.23,,1837,,Perda na etapa de produção
308,Estoque,Falha de processo,2024-06-27,1405.79,7175.39,,,,Perda na etapa de estoque
309,Transporte,Contaminação,2024-06-04,684.89,12879.17,,,5052,
310,Estoque,Contaminação,2024-06-28,146.85,8230.95,,,,
311,Coleta,Vencimento,2024-01-20,1603.74,19235.93,41,,,Perda na etapa de coleta
312,Transporte,Derramamento,2023-03-16,1950.21,19670.57,,,,Perda na etapa de transporte
313,Estoque,Falha de processo,2024-01-10,1902.87,9307.16,,,,Perda na etapa de estoque
314,Transporte,Contaminação,2024-04-19,1219.45,3116.51,,,4763,Perda na etapa de transporte
315,Coleta,Vencimento,2024-03-12,1184.52,11204.69,,,,Perda na etapa de coleta
316,Estoque,Vencimento,2024-12-03,1889.76,,,,,Perda na etapa de estoque
317,Coleta,Devolução,2023-09-01,162.17,12466.44,54,,,
318,Estoque,Vencimento,2023-05-03,665.91,17746.82,,,,Perda na etapa de estoque
319,Coleta,Derramamento,2024-05-13,719.32,8250.31,90,,,
320,Produção,Falha de processo,2024-08-03,1915.23,8610.59,,1630,,Perda na etapa de produção
321,Coleta,Derramamento,2024-03-10,1779.3,12854.32,30,,,Perda na etapa de coleta
322,Coleta,Vencimento,2023-04-12,167.56,6651.26,,,,Perda na etapa de coleta
323,Coleta,Contaminação,2023-05-03,495.68,16684.42,,,,Perda na etapa de coleta
324,Produção,Vencimento,2023-04-17,141.15,11270.98,,1949,,
325,Produção,Devolução,2023-09-12,1600.61,12557.21,,2329,,Perda na etapa de produção
326,Transporte,Contaminação,2023-03-02,1724.09,13337.73,,,2725,Perda na etapa de transporte
327,Estoque,Derramamento,2024-12-19,531.68,2915.39,,,,Perda na etapa de estoque
328,Transporte,Contaminação,2024-12-17,473.12,17212.4,,,266,Perda na etapa de transporte
329,Transporte,Contaminação,2024-07-30,406.88,12975.9,,,4202,Perda na etapa de transporte
330,Transporte,Falha de processo,2023-04-11,1361.78,14199.41,,,,Perda na etapa de transporte
331,Transporte,Devolução,2024-07-01,22.73,4554.17,,,918,Perda na etapa de transporte
332,Produção,Contaminação,2023-08-05,125.81,19464.69,,2148,,Perda na etapa de produção
333,Coleta,Devolução,2024-11-23,93.31,17695.23,,,,Perda na etapa de coleta
334,Coleta,Contaminação,2024-05-15,540.91,18271.91,,,,Perda na etapa de coleta
335,Produção,Contaminação,2023-01-17,540.42,15732.69,,,,Perda na etapa de produção
336,Transporte,Derramamento,2023-11-10,190.82,16113.82,,,,Perda na etapa de transporte
337,Estoque,Devolução,2024-02-17,828.69,5538.54,,,,
338,Transporte,Vencimento,2024-09-17,1055.4,815.14,,,1582,Perda na etapa de transporte
339,Coleta,Contaminação,2023-09-13,,,,,,Perda na etapa de coleta
340,Transporte,Derramamento,2023-09-06,864.61,,,,,Perda na etapa de transporte
341,Produção,Vencimento,2023-10-05,1413.28,6406.64,,278,,Perda na etapa de produção
342,Produção,Derramamento,2023-05-17,569.45,2098.07,,1255,,Perda na etapa de produção
343,Transporte,Vencimento,2023-12-07,1480.03,11493.87,,,,Perda na etapa de transporte
344,Estoque,Devolução,2023-08-22,878.99,15083.76,,,,Perda na etapa de estoque
345,Coleta,Vencimento,2023-09-26,1073.52,1682.52,,,,Perda na etapa de coleta
346,Estoque,Contaminação,2023-04-29,1892.82,14257.91,,,,Perda na etapa de estoque
347,Coleta,Falha de processo,2024-11-20,709.37,4589.87,,,,Perda na etapa de coleta
348,Coleta,Contaminação,2023-07-07,1765.97,5777.05,50,,,Perda na etapa de coleta
349,Coleta,Devolução,2023-09-22,1149.2,750.99,87,,,
350,Estoque,Vencimento,2024-07-31,39.6,2138.2,,,,Perda na etapa de estoque
351,Coleta,Falha de processo,2023-05-12,901.6,10881.34,,,,
352,Produção,Derramamento,2024-12-20,1758.78,6960.78,,2126,,Perda na etapa de produção
353,Transporte,Derramamento,2023-11-09,1124.05,419.21,,,,Perda na etapa de transporte
354,Coleta,Falha de processo,2024-09-12,,9511.95,42,,,Perda na etapa de coleta
355,Estoque,Falha de processo,2023-11-23,11.18,7619.7,,,,
356,Produção,Devolução,2024-08-07,229.6,9825.12,,628,,Perda na etapa de produção
357,Transporte,Falha de processo,2024-10-27,,18941.55,,,,Perda na etapa de transporte
358,Transporte,Vencimento,2023-12-24,962.49,2295.39,,,2155,Perda na etapa de transporte
359,Coleta,Vencimento,2024-07-22,229.42,12035.94,,,,
360,Produção,Devolução,2023-01-29,1995.15,9654.8,,2294,,Perda na etapa de produção
361,Estoque,Contaminação,2024-06-12,1753.8,3574.76,,,,
362,Produção,Falha de processo,2023-11-07,993.16,1687.78,,,,Perda na etapa de produção
363,Estoque,Falha de processo,2023-08-29,1545.4,8204.53,,,,Perda na etapa de estoque
364,Estoque,Contaminação,2024-10-10,306.99,5307.7,,,,Perda na etapa de estoque
365,Transporte,Vencimento,2024-01-04,1081.82,5867.09,,,,Perda na etapa de transporte
366,Coleta,Vencimento,2024-06-15,362.73,2254.27,,,,Perda na etapa de coleta
367,Transporte,Falha de processo,2024-11-12,112.51,15160.79,,,,Perda na etapa de transporte
368,Coleta,Falha de processo,2024-05-04,,4641.5,,,,Perda na etapa de coleta
369,Produção,Devolução,2024-10-18,1453.07,4325.11,,,,Perda na etapa de produção
370,Transporte,Derramamento,2023-08-28,1639.74,3507.67,,,,Perda na etapa de transporte
371,Produção,Vencimento,2023-10-08,1382.19,12457.25,,,,Perda na etapa de produção
372,Estoque,Vencimento,2023-11-11,708.94,12636.66,,,,Perda na etapa de estoque
373,Estoque,Derramamento,01/08/2024,429.78,18438.8,,,,
374,Transporte,Falha de processo,2023-07-29,576.67,1011.11,,,329,Perda na etapa de transporte
375,Coleta,Devolução,2023-09-05,188.37,7119.67,,,,Perda na etapa de coleta
376,Produção,Derramamento,2024-09-20,280.0,18508.97,,503,,Perda na etapa de produção
377,Estoque,Falha de processo,2023-06-17,163.9,8788.86,,,,Perda na etapa de estoque
378,Estoque,Vencimento,2023-09-23,51.11,16800.32,,,,Perda na etapa de estoque
379,Estoque,Vencimento,2023-01-09,817.28,7190.18,,,,Perda na etapa de estoque
380,Transporte,Falha de processo,2023-12-02,110.05,18692.68,,,,Perda na etapa de transporte
381,Estoque,Derramamento,2024-07-19,641.18,10487.46,,,,Perda na etapa de estoque
382,Estoque,Devolução,2024-02-09,1804.11,19871.79,,,,Perda na etapa de estoque
383,Coleta,Devolução,2024-09-03,823.84,9237.08,,,,Perda na etapa de coleta
384,Produção,Devolução,2023-08-24,1664.83,9737.66,,321,,
385,Transporte,Devolução,2023-02-06,1427.67,17750.23,,,1021,Perda na etapa de transporte
386,Estoque,Falha de processo,2024-07-25,1407.38,17714.82,,,,Perda na etapa de estoque
387,Transporte,Contaminação,2023-10-24,621.13,4440.07,,,1442,Perda na etapa de transporte
388,Coleta,Contaminação,2023-06-17,1280.01,17266.59,39,,,
389,Transporte,Derramamento,2024-09-18,1588.54,7034.38,,,2302,Perda na etapa de transporte
390,Produção,Vencimento,2023-07-04,1790.15,8692.25,,2791,,Perda na etapa de produção
391,Estoque,Vencimento,2023-12-06,1110.72,,,,,Perda na etapa de estoque
392,Produção,Contaminação,2024-07-19,1564.43,1309.06,,,,Perda na etapa de produção
393,Estoque,Derramamento,2024-04-30,315.27,4903.84,,,,Perda na etapa de estoque
394,Transporte,Vencimento,2024-12-30,1001.32,17648.26,,,1430,Perda na etapa de transporte
395,Estoque,Falha de processo,2023-07-02,318.61,17438.64,,,,
396,Produção,Derramamento,2023-01-31,,18562.27,,1297,,Perda na etapa de produção
397,Transporte,Vencimento,2023-06-30,1066.46,2072.23,,,,Perda na etapa de transporte
398,Estoque,Falha de processo,2024-03-28,1395.92,7397.26,,,,Perda na etapa de estoque
399,Produção,Devolução,2024-06-19,720.76,5295.78,,,,Perda na etapa de produção
400,Transporte,Vencimento,2023-05-23,884.75,15733.64,,,4689,Perda na etapa de transporte
401,Estoque,Derramamento,2023-04-02,1423.75,13058.5,,,,Perda na etapa de estoque
402,Transporte,Devolução,27/08/2024,833.19,4950.34,,,,Perda na etapa de transporte
403,Estoque,Falha de processo,2023-10-16,1064.96,4933.75,,,,Perda na etapa de estoque
404,Transporte,Devolução,2023-03-31,814.83,18220.02,,,,Perda na etapa de transporte
405,Estoque,Falha de processo,2024-10-02,1762.26,,,,,Perda na etapa de estoque
406,Estoque,Vencimento,2023-09-16,1520.3,18059.93,,,,Perda na etapa de estoque
407,Estoque,Falha de processo,2023-04-13,638.78,19009.46,,,,Perda na etapa de estoque
408,Coleta,Vencimento,2024-12-21,995.65,,,,,Perda na etapa de coleta
409,Produção,Vencimento,2024-03-29,560.49,6824.25,,,,Perda na etapa de produção
410,Produção,Devolução,2024-12-02,557.81,13794.12,,,,Perda na etapa de produção
411,Transporte,Contaminação,2024-07-05,1976.2,1756.66,,,1209,Perda na etapa de transporte
412,Produção,Derramamento,2024-08-25,154.86,735.49,,362,,
413,Produção,Derramamento,2023-10-30,1929.28,6169.96,,362,,Perda na etapa de produção
414,Coleta,Devolução,2024-12-10,1504.18,2272.21,,,,Perda na etapa de coleta
415,Transporte,Contaminação,2023-12-07,73.17,1374.02,,,336,Perda na etapa de transporte
416,Coleta,Derramamento,2023-07-04,1754.16,13495.41,,,,Perda na etapa de coleta
417,Estoque,Vencimento,25/06/2023,50.89,12382.85,,,,Perda na etapa de estoque
418,Coleta,Falha de processo,2023-06-20,1198.47,6278.67,,,,Perda na etapa de coleta
419,Estoque,Vencimento,2024-04-15,1146.92,15322.07,,,,Perda na etapa de estoque
420,Produção,Falha de processo,2023-12-26,242.45,17143.27,,1302,,Perda na etapa de produção
421,Transporte,Derramamento,2024-03-04,314.98,,,,1899,
422,Transporte,Vencimento,2024-04-27,630.32,2913.43,,,,
423,Estoque,Devolução,2024-06-05,583.22,19397.82,,,,Perda na etapa de estoque
424,Coleta,Derramamento,2023-03-05,8.9,9354.91,,,,
425,Produção,Devolução,2024-01-28,1034.71,12033.41,,1996,,Perda na etapa de produção
426,Coleta,Devolução,2023-10-05,939.95,14360.53,,,,Perda na etapa de coleta
427,Coleta,Contaminação,2023-01-27,1598.07,17837.8,,,,Perda na etapa de coleta
428,Produção,Falha de processo,2023-03-17,38.5,10302.1,,,,
429,Produção,Vencimento,2023-06-11,836.31,7843.84,,1047,,Perda na etapa de produção
430,Produção,Derramamento,2023-09-29,628.48,15126.28,,,,
431,Transporte,Vencimento,2023-05-23,1332.02,16794.11,,,4097,
432,Coleta,Derramamento,2024-07-19,1685.13,19741.11,,,,Perda na etapa de coleta
433,Produção,Falha de processo,2024-05-09,1063.56,16794.8,,975,,
434,Transporte,Vencimento,2023-04-15,180.01,7883.23,,,,Perda na etapa de transporte
435,Transporte,Falha de processo,2023-01-18,128.65,,,,,Perda na etapa de transporte
436,Estoque,Derramamento,2024-03-05,378.78,10476.39,,,,Perda na etapa de estoque
437,Estoque,Derramamento,2023-04-13,1631.72,19618.4,,,,Perda na etapa de estoque
438,Coleta,Contaminação,2024-08-12,1022.52,9159.49,,,,Perda na etapa de coleta
439,Coleta,Devolução,2023-02-08,785.17,,47,,,Perda na etapa de coleta
440,Estoque,Devolução,2023-11-11,651.59,2726.87,,,,Perda na etapa de estoque
441,Transporte,Devolução,2024-06-13,1202.27,2497.43,,,,Perda na etapa de transporte
442,Coleta,Falha de processo,2023-09-07,92.14,977.48,,,,Perda na etapa de coleta
443,Coleta,Derramamento,2023-01-02,1180.34,1526.11,7,,,
444,Estoque,Derramamento,2023-04-18,255.37,,,,,
445,Produção,Vencimento,2024-06-14,1347.69,9884.25,,,,Perda na etapa de produção
446,Coleta,Vencimento,2023-02-14,1678.91,1502.75,18,,,Perda na etapa de coleta
447,Estoque,Derramamento,2023-05-25,1876.53,5764.72,,,,Perda na etapa de estoque
448,Transporte,Contaminação,2023-03-14,699.31,9767.22,,,,Perda na etapa de transporte
449,Estoque,Contaminação,2024-05-09,681.94,11128.59,,,,Perda na etapa de estoque
450,Produção,Devolução,2023-01-11,1847.24,1600.74,,,,Perda na etapa de produção
451,Transporte,Contaminação,2024-07-17,1928.14,19845.03,,,319,Perda na etapa de transporte
452,Transporte,Devolução,2023-01-28,594.17,1635.98,,,2058,Perda na etapa de transporte
453,Estoque,Vencimento,2024-03-15,1089.34,,,,,Perda na etapa de estoque
454,Estoque,Vencimento,2023-10-03,93.79,1619.25,,,,Perda na etapa de estoque
455,Produção,Falha de processo,2024-12-18,756.7,,,1957,,Perda na etapa de produção
456,Produção,Derramamento,2024-01-06,,10712.96,,,,Perda na etapa de produção
457,Transporte,Falha de processo,2024-02-28,714.5,12430.29,,,2023,Perda na etapa de transporte
458,Coleta,Devolução,2024-11-01,1234.93,247.55,,,,Perda na etapa de coleta
459,Estoque,Devolução,2024-06-19,1461.76,10953.38,,,,
460,Coleta,Falha de processo,2024-09-28,1390.53,8314.95,3,,,Perda na etapa de coleta
461,Produção,Derramamento,2024-12-20,812.73,,,1992,,
462,Transporte,Derramamento,2023-04-08,553.4,6239.08,,,2829,Perda na etapa de transporte
463,Produção,Falha de processo,2023-05-24,452.51,4193.62,,,,Perda na etapa de produção
464,Coleta,Vencimento,2024-04-16,1690.33,6237.29,1,,,Perda na etapa de coleta
465,Estoque,Derramamento,2023-06-09,878.27,15222.85,,,,Perda na etapa de estoque
466,Transporte,Vencimento,2023-08-01,1385.58,9973.1,,,,Perda na etapa de transporte
467,Transporte,Devolução,2023-09-29,1382.77,13566.52,,,,Perda na etapa de transporte
468,Produção,Vencimento,2023-01-28,,5478.97,,2175,,
469,Estoque,Falha de processo,2023-04-24,1109.79,8148.84,,,,Perda na etapa de estoque
470,Transporte,Devolução,2023-01-02,1484.5,7312.72,,,4176,Perda na etapa de transporte
471,Transporte,Contaminação,2024-01-17,140.72,4887.89,,,2017,
472,Produção,Falha de processo,2024-06-22,279.66,6560.09,,2178,,Perda na etapa de produção
473,Coleta,Falha de processo,2024-03-03,588.22,17349.91,93,,,Perda na etapa de coleta
474,Estoque,Contaminação,2023-02-11,1810.98,,,,,Perda na etapa de estoque
475,Coleta,Falha de processo,2023-05-04,1617.93,,,,,Perda na etapa de coleta
476,Coleta,Vencimento,2023-05-14,1125.5,9616.31,,,,Perda na etapa de coleta
477,Transporte,Vencimento,2023-04-19,1203.5,,,,,Perda na etapa de transporte
478,Coleta,Devolução,2024-08-20,272.92,6163.86,,,,
479,Coleta,Contaminação,2024-09-27,590.08,1592.61,,,,Perda na etapa de coleta
480,Coleta,Falha de processo,2024-04-25,1124.45,17544.3,22,,,
481,Produção,Vencimento,2024-05-16,545.33,13668.39,,289,,Perda na etapa de produção
482,Produção,Devolução,2024-10-27,156.97,6471.62,,487,,
483,Transporte,Falha de processo,2023-07-03,1023.61,4482.85,,,,Perda na etapa de transporte
484,Coleta,Derramamento,2024-01-14,1837.65,13379.43,69,,,
485,Coleta,Falha de processo,2024-06-09,507.68,15487.46,83,,,Perda na etapa de coleta
486,Estoque,Derramamento,2023-07-08,152.83,6693.61,,,,Perda na etapa de estoque
487,Produção,Contaminação,2024-05-11,731.88,18568.73,,,,Perda na etapa de produção
488,Coleta,Falha de processo,2024-09-20,679.65,11182.65,,,,Perda na etapa de coleta
489,Estoque,Devolução,13/08/2024,699.87,10375.08,,,,Perda na etapa de estoque
490,Produção,Devolução,2024-12-16,335.8,8069.78,,1534,,Perda na etapa de produção
491,Produção,Derramamento,2023-12-31,1727.42,,,,,Perda na etapa de produção
492,Estoque,Derramamento,2024-09-22,812.49,19056.19,,,,Perda na etapa de estoque
493,Estoque,Derramamento,2024-02-11,1073.53,4112.66,,,,Perda na etapa de estoque
494,Produção,Contaminação,2024-02-01,640.47,11555.67,,2860,,Perda na etapa de produção
495,Produção,Derramamento,2023-06-03,58.62,1135.59,,,,Perda na etapa de produção
496,Estoque,Derramamento,2023-05-10,749.86,6501.13,,,,Perda na etapa de estoque
497,Transporte,Falha de processo,2023-01-24,1262.33,141.13,,,5238,Perda na etapa de transporte
498,Transporte,Falha de processo,2023-05-20,790.54,745.86,,,,Perda na etapa de transporte
499,Transporte,Vencimento,2024-06-23,1606.59,4005.37,,,,Perda na etapa de transporte
500,Estoque,Vencimento,2023-10-12,,8349.7,,,,Perda na etapa de estoque
501,Transporte,Contaminação,02/01/2024,1811.51,4962.07,,,,Perda na etapa de transporte
502,Estoque,Falha de processo,2023-07-03,1312.47,7306.2,,,,Perda na etapa de estoque
503,Coleta,Devolução,2024-11-12,701.59,19376.5,65,,,Perda na etapa de coleta
504,Produção,Vencimento,2024-04-13,491.51,5443.85,,,,
505,Coleta,Derramamento,2023-06-15,1499.17,19149.51,,,,Perda na etapa de coleta
506,Estoque,Devolução,2023-08-17,,13704.93,,,,Perda na etapa de estoque
507,Transporte,Contaminação,2023-09-24,1330.22,9648.68,,,3759,Perda na etapa de transporte
508,Estoque,Vencimento,2024-12-26,630.22,17293.37,,,,Perda na etapa de estoque
509,Estoque,Derramamento,2024-11-01,1950.23,3267.31,,,,Perda na etapa de estoque
510,Coleta,Falha de processo,2024-05-09,1424.39,8036.12,78,,,Perda na etapa de coleta
511,Coleta,Devolução,2024-11-27,893.21,13824.52,41,,,Perda na etapa de coleta
512,Transporte,Derramamento,2023-08-15,,,,,243,Perda na etapa de transporte
513,Produção,Vencimento,2024-07-10,,7229.61,,2615,,Perda na etapa de produção
514,Transporte,Derramamento,2024-08-29,958.28,1578.27,,,4363,Perda na etapa de transporte
515,Coleta,Vencimento,2023-08-07,1815.45,4719.04,54,,,Perda na etapa de coleta
516,Estoque,Derramamento,2024-03-19,108.81,11133.26,,,,
517,Coleta,Derramamento,2023-06-03,188.2,,,,,Perda na etapa de coleta
518,Transporte,Vencimento,2023-04-23,141.86,9118.43,,,4249,
519,Coleta,Falha de processo,2023-07-26,928.91,15923.74,,,,Perda na etapa de coleta
520,Estoque,Devolução,2023-01-17,614.65,2222.04,,,,Perda na etapa de estoque
521,Estoque,Falha de processo,2023-01-20,1578.84,6790.99,,,,Perda na etapa de estoque
522,Coleta,Devolução,2023-04-27,263.83,3192.61,98,,,Perda na etapa de coleta
523,Coleta,Contaminação,2024-04-04,633.32,6342.1,47,,,Perda na etapa de coleta
524,Estoque,Contaminação,2023-02-03,426.51,6215.5,,,,
525,Estoque,Falha de processo,2024-04-22,6.34,8866.05,,,,Perda na etapa de estoque
526,Coleta,Contaminação,2024-02-23,1130.45,19922.28,38,,,Perda na etapa de coleta
527,Transporte,Contaminação,2024-05-06,242.2,4857.33,,,3018,Perda na etapa de transporte
528,Transporte,Falha de processo,2023-05-24,1200.98,19742.52,,,,Perda na etapa de transporte
529,Estoque,Contaminação,2023-12-13,1365.56,3244.37,,,,Perda na etapa de estoque
530,Estoque,Derramamento,2023-08-28,709.43,3334.57,,,,Perda na etapa de estoque
531,Estoque,Vencimento,2024-10-11,551.64,9251.52,,,,Perda na etapa de estoque
532,Transporte,Contaminação,2023-02-06,665.91,15985.46,,,2171,Perda na etapa de transporte
533,Transporte,Falha de processo,2024-04-06,1339.27,13515.98,,,72,Perda na etapa de transporte
534,Produção,Contaminação,2024-08-22,704.03,19422.06,,,,
535,Transporte,Falha de processo,18/02/2023,333.57,15679.96,,,3718,Perda na etapa de transporte
536,Transporte,Contaminação,2024-10-28,572.7,,,,5136,Perda na etapa de transporte
537,Estoque,Falha de processo,2024-08-05,391.56,3092.84,,,,Perda na etapa de estoque
538,Produção,Contaminação,2023-07-17,1551.3,17312.0,,,,Perda na etapa de produção
539,Transporte,Vencimento,21/06/2024,193.15,,,,252,Perda na etapa de transporte
540,Produção,Vencimento,28/03/2024,190.12,7099.68,,2570,,
541,Estoque,Devolução,2024-06-26,492.14,9027.11,,,,Perda na etapa de estoque
542,Coleta,Derramamento,2023-07-16,113.4,1307.75,,,,Perda na etapa de coleta
543,Coleta,Devolução,2024-07-23,320.87,16446.89,,,,Perda na etapa de coleta
544,Transporte,Contaminação,2024-08-30,768.28,16279.86,,,4458,Perda na etapa de transporte
545,Coleta,Falha de processo,2023-06-06,230.86,18338.75,94,,,Perda na etapa de coleta
546,Coleta,Devolução,2023-07-21,1115.3,6802.11,75,,,Perda na etapa de coleta
547,Produção,Vencimento,2024-02-03,91.28,16813.07,,,,Perda na etapa de produção
548,Transporte,Derramamento,2023-04-10,1048.08,10173.84,,,2920,Perda na etapa de transporte
549,Produção,Falha de processo,2024-01-10,952.58,2675.16,,,,Perda na etapa de produção
550,Produção,Derramamento,2023-03-24,845.41,13378.77,,1753,,Perda na etapa de produção
551,Coleta,Devolução,2024-01-05,1829.19,19993.19,,,,Perda na etapa de coleta
552,Produção,Vencimento,2024-11-24,,5255.77,,,,Perda na etapa de produção
553,Estoque,Devolução,2024-08-02,441.15,,,,,Perda na etapa de estoque
554,Produção,Contaminação,2023-02-02,449.36,16479.11,,,,Perda na etapa de produção
555,Estoque,Derramamento,2024-06-25,439.6,7587.7,,,,Perda na etapa de estoque
556,Transporte,Falha de processo,2024-12-27,1014.44,18694.18,,,370,Perda na etapa de transporte
557,Coleta,Falha de processo,2023-12-26,282.25,118.89,79,,,Perda na etapa de coleta
558,Estoque,Contaminação,2024-08-29,563.58,16710.89,,,,Perda na etapa de estoque
559,Estoque,Vencimento,2024-11-19,54.05,13616.75,,,,Perda na etapa de estoque
560,Coleta,Contaminação,2024-01-18,345.12,19836.99,,,,Perda na etapa de coleta
561,Transporte,Contaminação,2023-11-23,610.89,18559.02,,,2918,Perda na etapa de transporte
562,Coleta,Falha de processo,2023-03-06,1464.84,13867.69,,,,Perda na etapa de coleta
563,Transporte,Devolução,2024-08-24,67.16,19977.89,,,,
564,Transporte,Falha de processo,2024-05-29,396.06,17931.86,,,,Perda na etapa de transporte
565,Transporte,Devolução,2023-01-17,1339.23,19613.3,,,,
566,Transporte,Vencimento,2024-01-14,482.96,14207.23,,,2474,Perda na etapa de transporte
567,Estoque,Devolução,2024-06-17,1384.58,11572.57,,,,Perda na etapa de estoque
568,Produção,Contaminação,2024-12-09,1105.35,6340.31,,,,Perda na etapa de produção
569,Coleta,Derramamento,2024-11-09,325.81,19813.56,,,,Perda na etapa de coleta
570,Coleta,Derramamento,2023-12-09,1694.45,12219.13,,,,Perda na etapa de coleta
571,Produção,Derramamento,2023-06-01,554.45,,,,,Perda na etapa de produção
572,Coleta,Derramamento,2024-04-04,818.91,5288.38,,,,Perda na etapa de coleta
573,Produção,Contaminação,2024-11-27,182.62,2099.35,,,,Perda na etapa de produção
574,Estoque,Falha de processo,2024-10-12,318.36,3313.61,,,,Perda na etapa de estoque
575,Transporte,Contaminação,2024-01-30,141.76,4517.6,,,749,Perda na etapa de transporte
576,Produção,Derramamento,2024-08-28,,2314.71,,,,
577,Estoque,Devolução,2024-07-23,183.49,,,,,
578,Estoque,Derramamento,2023-10-20,854.94,1759.4,,,,Perda na etapa de estoque
579,Transporte,Derramamento,2024-05-04,1621.82,17951.47,,,,Perda na etapa de transporte
580,Coleta,Falha de processo,2023-01-09,813.05,2478.13,78,,,Perda na etapa de coleta
581,Coleta,Derramamento,2023-07-31,80.55,8765.11,,,,Perda na etapa de coleta
582,Produção,Falha de processo,2024-02-08,1386.68,18545.35,,1791,,Perda na etapa de produção
583,Estoque,Falha de processo,2023-04-02,1562.96,,,,,Perda na etapa de estoque
584,Coleta,Derramamento,2023-08-17,125.42,3870.78,87,,,Perda na etapa de coleta
585,Estoque,Devolução,2024-01-20,915.12,18540.94,,,,
586,Produção,Falha de processo,2024-08-05,1680.86,2146.26,,,,Perda na etapa de produção
587,Transporte,Devolução,2024-01-24,1875.99,2996.11,,,166,Perda na etapa de transporte
588,Transporte,Contaminação,2024-07-31,549.96,6294.43,,,,Perda na etapa de transporte
589,Coleta,Devolução,2024-08-22,784.9,12047.48,,,,Perda na etapa de coleta
590,Coleta,Devolução,2023-06-05,1062.56,4079.81,,,,Perda na etapa de coleta
591,Produção,Derramamento,2024-12-04,1708.93,4699.71,,,,Perda na etapa de produção
592,Coleta,Vencimento,2023-12-29,1402.94,4443.36,,,,Perda na etapa de coleta
593,Estoque,Derramamento,2024-01-16,1433.82,2006.18,,,,Perda na etapa de estoque
594,Transporte,Vencimento,2024-09-10,1749.68,5740.91,,,357,Perda na etapa de transporte
595,Produção,Devolução,2024-07-08,1613.34,5799.24,,,,Perda na etapa de produção
596,Coleta,Derramamento,2024-12-06,,13989.03,40,,,Perda na etapa de coleta
597,Transporte,Contaminação,2023-08-26,1499.12,12294.53,,,1569,Perda na etapa de transporte
598,Coleta,Derramamento,2024-04-14,,17882.89,2,,,Perda na etapa de coleta
599,Produção,Vencimento,2023-09-13,26.68,11173.94,,2908,,Perda na etapa de produção
600,Coleta,Vencimento,2023-03-19,1622.85,19324.87,,,,Perda na etapa de coleta
601,Coleta,Falha de processo,2023-06-02,1435.3,,,,,Perda na etapa de coleta
602,Produção,Contaminação,2023-02-21,1693.21,,,,,Perda na etapa de produção
603,Produção,Contaminação,2023-06-28,262.24,,,,,Perda na etapa de produção
604,Estoque,Contaminação,2024-04-08,214.48,17257.56,,,,Perda na etapa de estoque
605,Estoque,Devolução,2024-04-05,1338.59,,,,,Perda na etapa de estoque
606,Produção,Devolução,2024-09-30,226.89,8784.55,,1480,,Perda na etapa de produção
607,Coleta,Derramamento,2024-07-27,1893.62,15704.59,65,,,Perda na etapa de coleta
608,Coleta,Derramamento,2023-06-21,936.11,3260.85,,,,
609,Transporte,Falha de processo,2023-03-12,1104.6,3224.79,,,4371,Perda na etapa de transporte
610,Produção,Vencimento,2024-09-04,610.3,394.42,,2402,,
611,Estoque,Falha de processo,2024-11-23,317.9,3037.19,,,,Perda na etapa de estoque
612,Produção,Contaminação,2023-02-08,460.42,16846.72,,,,Perda na etapa de produção
613,Produção,Derramamento,2024-03-20,1650.91,4211.25,,2987,,Perda na etapa de produção
614,Coleta,Devolução,2023-02-07,,13019.52,,,,Perda na etapa de coleta
615,Estoque,Contaminação,2023-08-21,1378.59,10624.88,,,,Perda na etapa de estoque
616,Coleta,Derramamento,2023-10-27,1757.0,15520.29,,,,Perda na etapa de coleta
617,Coleta,Contaminação,2023-09-23,1465.21,6156.9,,,,
618,Produção,Contaminação,2024-08-26,17.5,2743.37,,,,Perda na etapa de produção
619,Coleta,Derramamento,2024-08-04,1086.32,9390.54,,,,Perda na etapa de coleta
620,Produção,Falha de processo,2024-01-07,279.84,5055.85,,,,
621,Estoque,Falha de processo,2024-07-03,1798.17,11466.62,,,,Perda na etapa de estoque
622,Produção,Vencimento,2023-12-27,1908.13,,,81,,Perda na etapa de produção
623,Transporte,Falha de processo,2024-02-14,1162.67,12405.56,,,5355,Perda na etapa de transporte
624,Estoque,Contaminação,2023-11-02,593.25,18902.35,,,,Perda na etapa de estoque
625,Transporte,Vencimento,2023-12-17,450.36,13154.2,,,2729,Perda na etapa de transporte
626,Produção,Falha de processo,2023-07-22,1194.11,353.27,,,,Perda na etapa de produção
627,Produção,Falha de processo,2024-11-01,1883.66,9489.2,,,,
628,Produção,Vencimento,2024-01-12,1211.33,9844.53,,2119,,Perda na etapa de produção
629,Transporte,Vencimento,2023-09-11,1180.69,11326.13,,,,Perda na etapa de transporte
630,Produção,Contaminação,2023-07-20,497.74,13311.14,,1904,,Perda na etapa de produção
631,Transporte,Vencimento,2023-06-05,1193.56,19204.03,,,3656,
632,Transporte,Devolução,2024-07-08,1053.48,14070.17,,,,Perda na etapa de transporte
633,Transporte,Contaminação,2024-05-22,824.9,10117.44,,,5204,
634,Produção,Falha de processo,2024-02-02,248.65,8180.67,,,,Perda na etapa de produção
635,Estoque,Devolução,2023-11-21,1302.54,3082.88,,,,Perda na etapa de estoque
636,Produção,Derramamento,2023-12-25,458.69,5241.99,,,,Perda na etapa de produção
637,Estoque,Contaminação,2023-03-29,620.13,15297.97,,,,
638,Produção,Derramamento,2024-09-22,1652.62,3213.3,,223,,Perda na etapa de produção
639,Estoque,Contaminação,2023-10-29,643.38,17896.67,,,,Perda na etapa de estoque
640,Coleta,Vencimento,2024-09-03,,1484.75,96,,,Perda na etapa de coleta
641,Transporte,Falha de processo,2023-05-10,1949.4,12008.96,,,3119,Perda na etapa de transporte
642,Coleta,Devolução,2024-11-10,1004.46,7062.33,90,,,Perda na etapa de coleta
643,Coleta,Contaminação,2023-02-02,1028.36,19561.31,,,,Perda na etapa de coleta
644,Estoque,Contaminação,2023-04-27,618.98,11623.11,,,,Perda na etapa de estoque
645,Coleta,Devolução,2024-09-19,667.32,5752.21,,,,Perda na etapa de coleta
646,Coleta,Derramamento,2024-06-16,712.84,14644.68,,,,Perda na etapa de coleta
647,Produção,Falha de processo,2024-08-05,347.34,18025.9,,,,Perda na etapa de produção
648,Transporte,Falha de processo,2024-08-28,307.15,14163.59,,,,Perda na etapa de transporte
649,Produção,Contaminação,2024-09-03,215.64,11184.64,,,,Perda na etapa de produção
650,Produção,Derramamento,2023-07-22,889.05,16852.56,,913,,Perda na etapa de produção
651,Estoque,Contaminação,2023-03-24,8.39,11654.61,,,,Perda na etapa de estoque
652,Produção,Contaminação,2024-03-14,1007.99,5806.35,,,,Perda na etapa de produção
653,Produção,Falha de processo,2023-07-03,962.46,15580.34,,1183,,
654,Coleta,Derramamento,2024-04-20,956.08,6995.26,,,,Perda na etapa de coleta
655,Estoque,Derramamento,2024-02-19,1056.48,1466.44,,,,Perda na etapa de estoque
656,Coleta,Derramamento,2023-08-23,323.25,15268.99,71,,,Perda na etapa de coleta
657,Produção,Contaminação,2023-09-18,674.53,16757.68,,2341,,Perda na etapa de produção
658,Coleta,Vencimento,2024-10-22,1717.35,2163.6,46,,,Perda na etapa de coleta
659,Coleta,Devolução,2023-09-03,767.44,6782.46,39,,,Perda na etapa de coleta
660,Transporte,Vencimento,2023-05-27,38.57,17727.68,,,3172,Perda na etapa de transporte
661,Produção,Derramamento,2023-07-29,341.23,12951.33,,1305,,Perda na etapa de produção
662,Transporte,Contaminação,2024-04-06,207.1,8104.19,,,2241,
663,Produção,Derramamento,2023-06-27,609.16,12761.97,,,,Perda na etapa de produção
664,Coleta,Devolução,2023-06-03,1941.06,1918.79,,,,Perda na etapa de coleta
665,Produção,Derramamento,2024-07-16,792.75,11408.2,,2475,,
666,Coleta,Contaminação,2024-10-24,1716.99,19509.67,,,,Perda na etapa de coleta
667,Estoque,Vencimento,2023-09-11,315.73,4285.75,,,,
668,Produção,Derramamento,2023-11-15,1250.45,7222.23,,156,,Perda na etapa de produção
669,Produção,Falha de processo,2024-05-28,157.55,558.72,,104,,Perda na etapa de produção
670,Transporte,Devolução,2023-02-25,437.82,595.52,,,2621,
671,Coleta,Devolução,25/02/2024,866.69,5099.22,10,,,Perda na etapa de coleta
672,Coleta,Vencimento,2024-06-02,1665.98,7291.21,36,,,
673,Estoque,Contaminação,2024-01-10,441.61,7493.45,,,,Perda na etapa de estoque
674,Transporte,Derramamento,2024-11-01,1564.59,19852.02,,,,Perda na etapa de transporte
675,Estoque,Vencimento,2024-09-25,,12145.95,,,,Perda na etapa de estoque
676,Produção,Contaminação,2024-09-24,34.73,3378.09,,,,Perda na etapa de produção
677,Produção,Vencimento,2023-09-29,1949.65,2833.64,,801,,Perda na etapa de produção
678,Produção,Derramamento,2023-08-24,1642.79,10946.58,,2066,,Perda na etapa de produção
679,Transporte,Falha de processo,2023-03-24,1467.51,11424.28,,,,Perda na etapa de transporte
680,Transporte,Vencimento,14/05/2023,1756.07,3172.73,,,,
681,Estoque,Falha de processo,2023-01-23,544.7,405.3,,,,Perda na etapa de estoque
682,Transporte,Devolução,2024-02-23,1095.68,13262.08,,,,Perda na etapa de transporte
683,Estoque,Vencimento,2024-05-27,1572.22,10772.91,,,,Perda na etapa de estoque
684,Produção,Vencimento,2023-08-11,480.04,14633.99,,891,,Perda na etapa de produção
685,Coleta,Falha de processo,2024-06-21,1994.14,6495.9,54,,,Perda na etapa de coleta
686,Transporte,Vencimento,2024-12-03,1666.03,8399.92,,,5486,Perda na etapa de transporte
687,Coleta,Contaminação,2024-12-19,1274.17,12377.75,48,,,Perda na etapa de coleta
688,Coleta,Derramamento,2024-02-29,353.45,16512.22,75,,,Perda na etapa de coleta
689,Produção,Devolução,2024-05-19,,10056.95,,787,,Perda na etapa de produção
690,Estoque,Vencimento,2024-06-07,119.58,9108.03,,,,Perda na etapa de estoque
691,Coleta,Derramamento,2023-10-21,1943.81,13073.89,,,,Perda na etapa de coleta
692,Coleta,Devolução,2023-06-27,778.15,,,,,
693,Transporte,Falha de processo,2023-05-30,114.01,14998.33,,,369,Perda na etapa de transporte
694,Estoque,Falha de processo,2023-02-09,509.47,643.62,,,,Perda na etapa de estoque
695,Transporte,Devolução,2023-04-29,759.4,5221.59,,,4955,Perda na etapa de transporte
696,Coleta,Vencimento,2023-05-21,604.91,6948.67,64,,,Perda na etapa de coleta
697,Coleta,Derramamento,2023-02-18,1652.72,15690.51,30,,,
698,Transporte,Derramamento,2024-03-12,283.26,17255.55,,,4288,Perda na etapa de transporte
699,Coleta,Derramamento,2024-01-26,,1330.44,,,,Perda na etapa de coleta
700,Produção,Contaminação,2024-06-14,1865.75,17423.27,,1602,,
701,Estoque,Devolução,2024-05-31,1362.01,7113.7,,,,Perda na etapa de estoque
702,Coleta,Devolução,2023-11-11,606.41,9664.22,17,,,Perda na etapa de coleta
703,Coleta,Falha de processo,2024-04-09,717.48,18836.08,,,,Perda na etapa de coleta
704,Estoque,Contaminação,2024-06-10,1237.74,2797.62,,,,Perda na etapa de estoque
705,Transporte,Falha de processo,2024-01-31,1425.36,18313.38,,,,Perda na etapa de transporte
706,Transporte,Vencimento,2023-01-24,,10007.88,,,,Perda na etapa de transporte
707,Estoque,Falha de processo,2023-06-30,504.56,5279.81,,,,Perda na etapa de estoque
708,Estoque,Vencimento,2024-01-07,617.96,18036.43,,,,Perda na etapa de estoque
709,Coleta,Contaminação,2024-02-19,676.69,15046.38,,,,Perda na etapa de coleta
710,Estoque,Falha de processo,2024-01-09,1814.25,,,,,Perda na etapa de estoque
711,Produção,Falha de processo,2023-07-20,200.74,3299.1,,882,,Perda na etapa de produção
712,Transporte,Contaminação,2023-08-23,403.32,9003.35,,,2953,Perda na etapa de transporte
713,Estoque,Derramamento,2024-03-12,517.26,19540.94,,,,Perda na etapa de estoque
714,Produção,Contaminação,2024-04-09,517.66,9440.01,,2070,,Perda na etapa de produção
715,Produção,Falha de processo,2024-02-24,812.84,9278.84,,,,Perda na etapa de produção
716,Coleta,Derramamento,2024-08-10,8.57,,31,,,
717,Coleta,Derramamento,2023-01-08,595.0,6303.51,71,,,Perda na etapa de coleta
718,Estoque,Falha de processo,2024-03-01,635.04,7313.23,,,,Perda na etapa de estoque
719,Produção,Falha de processo,2024-08-23,1957.85,17360.08,,,,Perda na etapa de produção
720,Produção,Vencimento,2023-02-16,761.27,7179.11,,,,
721,Transporte,Derramamento,2023-03-24,64.99,12384.16,,,488,Perda na etapa de transporte
722,Estoque,Vencimento,2023-09-30,1942.24,,,,,Perda na etapa de estoque
723,Coleta,Falha de processo,2023-09-01,570.48,15517.87,,,,Perda na etapa de coleta
724,Coleta,Devolução,2024-01-21,1790.0,16253.8,13,,,Perda na etapa de coleta
725,Produção,Falha de processo,2024-12-05,1709.37,1300.46,,1981,,Perda na etapa de produção
726,Transporte,Falha de processo,2023-12-29,,16280.31,,,4802,Perda na etapa de transporte
727,Transporte,Contaminação,2024-11-15,361.74,15230.98,,,4254,Perda na etapa de transporte
728,Estoque,Falha de processo,2024-01-28,1116.7,12077.38,,,,
729,Transporte,Devolução,2024-05-24,188.56,5777.99,,,1404,Perda na etapa de transporte
730,Produção,Contaminação,2024-10-08,1926.69,12150.54,,,,
731,Produção,Vencimento,2023-12-27,1843.34,,,244,,
732,Produção,Vencimento,2024-04-14,100.61,17284.65,,2176,,Perda na etapa de produção
733,Estoque,Contaminação,2024-05-31,990.47,9006.14,,,,Perda na etapa de estoque
734,Produção,Devolução,2024-01-05,14.04,8728.94,,464,,Perda na etapa de produção
735,Estoque,Contaminação,2023-02-27,1170.58,11031.93,,,,Perda na etapa de estoque
736,Transporte,Contaminação,2023-04-29,,6063.23,,,,Perda na etapa de transporte
737,Transporte,Derramamento,2024-07-04,1717.88,6649.6,,,2661,Perda na etapa de transporte
738,Produção,Vencimento,2024-02-11,15.17,19830.49,,1263,,Perda na etapa de produção
739,Produção,Falha de processo,2024-03-09,1191.04,16079.45,,1242,,Perda na etapa de produção
740,Coleta,Devolução,2024-01-18,1910.89,173.09,52,,,Perda na etapa de coleta
741,Estoque,Contaminação,2024-10-01,263.51,7835.09,,,,Perda na etapa de estoque
742,Estoque,Falha de processo,2024-03-14,1579.47,818.45,,,,Perda na etapa de estoque
743,Produção,Vencimento,2023-04-25,479.1,19180.89,,2772,,Perda na etapa de produção
744,Coleta,Contaminação,2024-11-25,1222.4,7746.24,1,,,Perda na etapa de coleta
745,Estoque,Falha de processo,2024-02-14,310.96,,,,,Perda na etapa de estoque
746,Transporte,Devolução,2024-02-26,1112.57,,,,4947,Perda na etapa de transporte
747,Estoque,Contaminação,2023-08-16,1135.85,19370.52,,,,Perda na etapa de estoque
748,Estoque,Contaminação,2023-10-15,,15702.68,,,,Perda na etapa de estoque
749,Produção,Devolução,2024-06-16,,18286.9,,571,,Perda na etapa de produção
750,Estoque,Derramamento,2024-02-15,1714.0,12640.63,,,,Perda na etapa de estoque
751,Coleta,Devolução,2024-03-09,1668.45,16439.35,,,,Perda na etapa de coleta
752,Estoque,Falha de processo,2023-02-23,1470.2,11396.61,,,,Perda na etapa de estoque
753,Transporte,Devolução,24/09/2024,1840.72,7685.44,,,,Perda na etapa de transporte
754,Produção,Devolução,2023-04-28,1612.5,9249.27,,64,,Perda na etapa de produção
755,Produção,Derramamento,2023-11-17,1175.09,15892.09,,29,,Perda na etapa de produção
756,Transporte,Derramamento,2023-09-22,255.7,1760.8,,,,Perda na etapa de transporte
757,Produção,Derramamento,2023-01-28,1783.28,7830.5,,2352,,Perda na etapa de produção
758,Coleta,Devolução,2023-06-14,970.88,10142.11,100,,,Perda na etapa de coleta
759,Transporte,Devolução,2023-02-05,846.88,17613.1,,,,Perda na etapa de transporte
760,Estoque,Devolução,2023-10-15,322.88,2299.81,,,,Perda na etapa de estoque
761,Produção,Vencimento,2023-01-22,161.48,9042.61,,661,,Perda na etapa de produção
762,Estoque,Devolução,2024-06-07,540.63,17748.22,,,,Perda na etapa de estoque
763,Transporte,Derramamento,2024-06-07,427.64,15819.18,,,3088,Perda na etapa de transporte
764,Estoque,Vencimento,2024-07-16,1910.13,,,,,
765,Produção,Devolução,2023-01-26,997.2,7585.65,,850,,Perda na etapa de produção
766,Coleta,Falha de processo,2024-07-30,1748.98,9128.45,73,,,Perda na etapa de coleta
767,Coleta,Contaminação,2024-07-25,455.06,538.25,,,,Perda na etapa de coleta
768,Produção,Falha de processo,2024-05-22,1945.64,19678.26,,650,,Perda na etapa de produção
769,Produção,Falha de processo,03/04/2023,1236.34,14920.72,,,,Perda na etapa de produção
770,Estoque,Devolução,2024-09-23,1125.86,2214.86,,,,Perda na etapa de estoque
771,Estoque,Derramamento,2023-07-16,472.53,628.72,,,,Perda na etapa de estoque
772,Produção,Falha de processo,2023-04-12,1334.2,3807.4,,797,,Perda na etapa de produção
773,Estoque,Vencimento,2023-05-09,830.77,1419.5,,,,Perda na etapa de estoque
774,Transporte,Contaminação,2023-09-17,52.7,7013.63,,,1661,Perda na etapa de transporte
775,Transporte,Devolução,2024-01-23,820.05,10758.87,,,1237,Perda na etapa de transporte
776,Coleta,Falha de processo,2024-06-10,1093.18,16573.97,,,,Perda na etapa de coleta
777,Produção,Vencimento,2024-07-06,142.98,18053.15,,,,Perda na etapa de produção
778,Produção,Contaminação,2023-10-26,775.07,9895.12,,,,Perda na etapa de produção
779,Coleta,Falha de processo,2024-04-30,1537.99,4402.47,,,,
780,Produção,Derramamento,2024-02-06,796.8,1356.05,,2578,,Perda na etapa de produção
781,Produção,Vencimento,2024-06-08,936.32,10270.55,,,,
782,Coleta,Contaminação,2023-01-09,1043.33,16275.65,,,,Perda na etapa de coleta
783,Produção,Devolução,2023-04-14,147.12,15554.97,,,,Perda na etapa de produção
784,Estoque,Vencimento,2023-12-05,135.73,5702.05,,,,Perda na etapa de estoque
785,Estoque,Derramamento,2024-04-02,1338.13,15802.98,,,,Perda na etapa de estoque
786,Transporte,Vencimento,2024-01-31,1090.23,10651.85,,,,Perda na etapa de transporte
787,Coleta,Falha de processo,2023-03-29,1854.6,3532.38,,,,Perda na etapa de coleta
788,Estoque,Vencimento,2023-10-05,1638.08,,,,,Perda na etapa de estoque
789,Produção,Derramamento,2024-01-06,708.28,18635.28,,,,Perda na etapa de produção
790,Transporte,Devolução,2023-04-14,852.1,5793.96,,,4289,
791,Estoque,Derramamento,18/01/2023,,19545.62,,,,
792,Produção,Falha de processo,2023-07-10,236.47,2126.43,,1004,,Perda na etapa de produção
793,Transporte,Devolução,2023-12-19,300.42,17013.26,,,,Perda na etapa de transporte
794,Estoque,Falha de processo,2024-02-04,1407.5,14568.88,,,,Perda na etapa de estoque
795,Transporte,Contaminação,2023-09-19,177.28,4065.9,,,,Perda na etapa de transporte
796,Coleta,Derramamento,2023-11-23,263.69,17018.51,6,,,
797,Coleta,Derramamento,2023-02-28,1181.68,19239.24,77,,,Perda na etapa de coleta
798,Produção,Falha de processo,2024-05-26,1025.7,10625.06,,,,
799,Estoque,Falha de processo,2024-03-16,,6066.32,,,,
800,Transporte,Vencimento,2023-05-14,389.6,7655.97,,,,Perda na etapa de transporte
